riskID,controlID
1424,2270
653,740
2449,2319
1449,335
3012,3279
2284,2273
2284,2114
2083,1388
9,1221
946,0
1276,2549
993,2550
1207,804
1032,313
1242,3241
2158,595
2856,95
2147,15
1706,2467
2875,892
837,463
1871,724
911,1020
901,2190
1401,1271
199,3665
197,1271
199,1271
2815,775
1413,1367
2301,2386
578,2464
2028,285
2319,3967
8,4036
1434,1354
1745,3210
1086,2392
2036,1448
2030,308
1457,3373
1457,3373
1289,1248
1289,1248
815,3813
815,3813
2944,3250
2121,3920
366,1352
1431,3664
1762,2315
1305,3710
1305,3579
3227,2305
1681,678
1376,1569
1110,3609
2629,3004
1571,3984
3161,3127
941,1063
1906,3461
1564,2356
2677,3392
1878,1553
1170,3251
993,1812
2044,605
1413,1597
87,273
1735,1990
2566,646
346,1914
346,206
346,218
1595,2575
1531,2746
1876,725
1876,2159
941,1063
1053,3526
1625,3179
964,2248
335,899
3094,3404
212,468
1488,2722
1980,707
1474,3617
1530,366
1980,2500
1588,677
1614,3399
797,3442
806,3532
1413,804
993,3095
1428,803
2768,1259
1428,803
1363,3282
1423,1275
1654,2442
1854,571
2915,805
806,3531
1363,1169
1363,3281
1413,3005
795,1361
1413,3580
796,3399
1413,1239
1413,3582
1413,1368
1413,2775
1428,3586
1363,1174
1413,1259
1459,1785
1018,914
1815,1290
1144,3825
2669,1053
2926,2534
2513,231
2513,145
2428,273
2460,2136
3032,2470
2428,273
691,1482
2428,273
3032,2136
1428,3827
2850,1078
1218,342
267,4009
268,4009
1425,1363
790,1000
790,3131
668,2026
2571,3005
1274,430
1708,3028
3116,3031
1707,131
33,3996
97,929
1525,2815
3091,2552
1475,2574
1197,981
1203,1394
1203,1008
1203,1271
1203,1395
1203,1007
3169,2071
2224,2513
1828,2390
1078,1290
1275,100
2157,3093
754,2947
2156,3103
1380,986
1320,2242
1093,2929
75,2216
2793,2059
3062,2592
2519,347
2938,3171
2439,3064
2893,733
578,2195
578,295
578,796
880,1048
2893,2591
2893,2739
578,647
2893,285
2893,2196
578,2618
2893,2462
1356,3276
3007,1168
3027,2435
2209,3275
2209,3488
2426,1951
2855,431
1750,4007
1787,1147
725,3904
1043,3652
887,1225
1078,2390
525,1895
1535,816
1485,2098
3120,3071
2321,1047
2953,934
2440,3911
1348,418
1044,2479
406,2281
773,152
2292,2878
185,1136
492,2834
3123,3363
2514,231
2514,145
188,1236
186,1236
2294,905
188,1236
2523,3938
2900,1236
2766,1004
2767,1060
1671,3294
936,999
2764,1661
2127,2654
1279,2219
2061,641
2080,2471
2075,141
3145,2656
2716,3003
2654,2942
303,3474
1340,2601
1540,1354
1196,3530
2600,722
2625,577
3078,1205
3139,3638
2996,500
2551,3991
2551,3990
1116,3612
1852,3437
1863,3441
1139,2400
2550,3989
2552,3848
2547,3847
1413,2167
2261,686
1175,1093
2788,660
2469,682
3156,3439
1382,821
1898,3466
2911,3838
3039,2005
203,2192
3009,2393
203,2191
883,1522
594,741
2648,425
3251,2486
316,3429
321,142
130,1756
1309,4008
1247,940
1248,411
709,1538
462,2691
1841,852
1841,406
493,983
476,2503
2225,309
1337,3427
2996,2446
2996,2438
2996,1178
2999,3265
2996,3264
104,499
2786,3395
2578,2916
1604,3698
2584,3452
1428,1259
2486,777
2602,579
1014,2090
298,1989
993,2570
784,1790
1413,866
781,2735
1983,3380
1413,1364
1413,187
1413,1259
2610,495
557,1882
2389,857
2480,857
2664,1715
2332,730
984,2882
1009,252
1036,22
1036,3867
1656,3831
3108,893
1384,1206
370,1206
1810,2535
1413,1864
823,1566
1007,1460
1413,3790
300,3455
3098,1340
1949,750
1267,446
99,1551
1270,2376
1947,751
1955,1641
1439,2809
182,118
2527,1640
1847,750
1846,750
1440,2370
1271,1346
2528,2730
1954,2731
3093,799
2904,120
2526,1640
2976,951
2975,1621
2975,1760
2975,81
2665,1864
2665,3790
2800,966
2444,1955
1697,1378
47,481
2989,3772
3221,460
2749,3092
1822,3433
1185,1160
3004,2982
2678,3091
856,463
1137,2390
2673,2171
325,1770
2762,1563
2762,1563
2899,2679
2918,405
2429,2296
2429,223
2429,1876
6,2888
1482,3961
1538,3799
1537,3799
1429,3799
2208,85
2421,85
375,18
2359,3479
2897,151
2668,159
712,3052
730,147
2072,548
1413,1745
1413,490
1413,3377
3029,1243
3088,3384
3029,978
2110,1236
1319,2247
1540,1182
386,1305
2556,181
253,1305
60,176
2753,1932
2382,202
2752,1889
2633,177
1385,1064
2922,869
3020,1140
3135,1665
2365,792
2496,2162
2496,183
1936,2543
2496,787
1512,2251
2496,2577
2490,246
2496,2580
2496,702
1512,1075
2674,1122
1512,3901
1512,1074
2226,309
856,1035
1413,207
2658,1612
864,820
1818,3470
1078,1243
1506,3770
1815,3753
2956,3731
289,504
841,989
255,1881
1586,3563
1701,2770
1585,3562
1701,3674
1256,1123
2755,2893
1404,3873
214,3311
987,3513
1305,297
1151,3188
422,3417
425,3426
2833,856
2993,883
69,3910
435,2163
435,2268
2685,1022
3253,1816
1413,3629
856,1032
1078,1286
2561,2531
1158,2548
1624,3633
3210,2363
3213,3341
680,3865
1078,2845
1044,1354
1994,2232
683,1510
1163,2559
2138,3642
3106,3492
1762,2581
2105,194
2320,138
2320,119
2798,182
743,618
774,186
992,3110
2892,1857
176,3491
2615,718
2703,2292
1318,3261
2827,2278
856,2138
2472,1944
2822,3134
802,2991
2918,1286
343,624
2934,1714
179,258
2227,2636
494,505
2258,1707
2584,3170
54,475
54,2588
2645,210
779,2695
3029,3790
2800,2259
2800,1568
2800,2023
2366,3684
1858,554
82,761
149,109
151,111
147,108
150,110
957,1386
2539,1138
40,2384
1505,3331
36,2452
82,12
148,112
1723,2669
27,2453
1858,3307
1134,3168
624,2030
2940,391
2871,904
1423,1128
2884,3979
3078,778
152,2781
1365,3846
2178,1609
672,1794
1044,850
2201,1968
2330,2193
993,1863
993,1765
1044,3506
1044,3679
1279,864
1044,1237
3172,1578
1063,288
1233,2460
1062,2199
440,287
2146,993
259,1099
3031,128
2887,1489
993,1591
1809,344
1571,449
1571,728
2604,1923
3098,739
3029,1700
1408,2554
195,2754
996,912
2309,528
431,2331
1311,2463
1198,2451
2677,658
306,1679
1433,1327
1876,3984
2117,1454
2652,1032
2651,1637
1448,2783
315,3614
1526,3572
1405,1255
1214,1575
1280,1246
1245,1164
3252,1590
717,2829
2913,1517
1700,1201
1238,1702
3066,2798
2637,1592
2479,2308
2220,317
993,130
841,2043
1750,370
1360,881
1750,1698
261,3828
1750,3074
1413,1589
261,3824
2890,2635
993,211
1965,968
1072,208
1064,216
2641,241
1617,1017
3140,2095
1581,1256
1407,2806
2206,4055
993,1104
1634,2831
3005,2676
1261,3247
1260,3247
708,2079
1554,2448
106,1310
1014,721
2452,83
1127,894
2305,1887
1916,1518
1919,107
2367,84
1641,1784
2289,2040
2426,1952
2160,1046
2667,2169
2667,2170
968,2244
1182,1417
2531,2614
2618,134
771,2940
2618,134
69,35
69,1834
1425,3344
189,260
3237,2953
1413,2210
723,2569
1070,3590
1069,3589
3094,2436
3222,909
2487,3257
554,625
2487,886
1677,1659
484,2980
1905,2166
1905,3097
1905,1682
1015,1119
404,2456
1428,2567
1533,824
2168,354
2363,1854
1001,3907
481,2759
2624,2852
2403,626
2370,3062
2583,623
1154,2659
1226,2522
2007,2465
2949,717
3206,2530
1154,2387
1904,2768
1184,1007
3082,1434
1002,1434
1002,1477
3082,1477
1669,769
1833,339
1217,3217
993,3106
1389,50
876,524
3082,1433
1946,998
2768,844
800,3436
800,1353
1946,3005
1010,2968
2456,1961
817,3541
2661,1631
856,460
146,1430
1434,503
1078,2390
1258,803
1434,121
1434,496
2099,205
101,3364
1276,1740
2415,1778
1869,3451
124,1821
1744,230
408,196
2923,1652
1841,405
764,3042
2680,3850
3177,1072
649,1736
776,1405
2818,984
1310,2574
1221,2233
1924,2327
2850,3249
868,1727
1198,1698
1543,1275
122,1706
2754,2203
2713,693
2689,4044
2697,1873
2916,188
2404,460
3015,460
3057,460
2888,1214
2371,3577
2567,3496
2404,2014
2700,293
3090,2478
2414,2035
2411,1827
1672,2607
1535,2605
95,3860
237,3860
2787,3860
237,237
95,237
2787,237
407,2421
2787,2421
237,1507
95,1507
2787,1507
1788,997
882,1737
3127,2051
2140,1240
2140,1241
2349,3045
517,1838
3038,762
117,1918
3165,3480
121,1963
1969,3478
3186,1996
2705,2003
3092,3910
2598,1875
254,1875
232,1992
442,1875
442,3388
1827,711
547,2701
3163,2480
2511,587
1423,2633
1428,781
1651,1420
1651,3683
1717,3748
2698,1896
118,73
119,55
1428,2537
2518,233
3034,1286
2518,162
3034,273
2257,273
2428,700
2520,162
2520,233
2428,140
2955,2521
2401,3487
659,1546
3067,2450
2535,503
580,2096
2806,3833
2192,3027
2650,2856
3076,1107
2986,3503
1958,452
1959,352
1914,738
1413,1265
2098,3414
2731,442
2710,2291
1413,1254
3017,2678
2711,3137
2733,2899
1050,3567
2709,3987
1413,3675
261,442
937,3036
841,1962
1413,1781
2708,2291
1029,2291
2708,2689
2709,2689
1413,1266
847,432
847,1671
1794,3844
2050,372
2089,3291
1284,3007
909,2310
1918,3486
3029,1499
1222,1234
509,2321
3021,2053
506,2628
1171,3197
2593,720
1168,3194
1078,2390
2573,530
1980,2560
2125,2131
374,2429
374,547
1940,2126
291,852
1599,2438
2948,1270
1428,1539
2717,3105
2717,1135
2785,2949
3042,811
1582,3365
3065,782
2846,1750
1257,3738
283,3974
993,242
2611,1418
1099,2390
2814,2525
1078,1599
1078,2390
3069,3072
135,872
2022,804
686,1694
505,2204
215,392
2052,3550
2428,273
137,3829
2463,2876
647,734
2560,543
292,1421
140,913
1428,2454
534,1946
535,1986
2631,2318
537,1947
536,1945
2071,1142
1516,4003
1373,3289
1384,1262
2375,1494
1088,3432
1071,2148
2488,1561
1457,42
1457,57
1987,3332
1928,3686
1927,3808
1980,2208
2516,161
2516,232
2516,233
309,843
856,1037
1078,891
1204,1001
3040,1375
3164,2532
3164,1815
3013,552
1530,3511
2693,3142
2722,680
3050,955
596,1720
2546,565
2545,563
651,2082
460,876
1540,3538
3191,2696
1728,3362
786,2121
1998,855
1241,3146
1161,87
3159,1202
3207,1202
3115,149
2942,149
2942,1187
3057,180
192,180
3115,1187
2064,4015
3087,3900
1480,1624
910,3043
1616,1835
872,1026
1096,2921
1199,1342
1198,468
2296,3502
940,460
1979,2608
1434,1886
1340,2600
2236,1729
1413,191
993,191
3201,3497
2584,1782
767,907
2014,2505
866,727
1722,351
2802,2037
2874,2038
1428,3351
2670,1602
967,3098
2946,3196
2847,2688
271,69
166,3013
2902,1259
2671,1874
98,2641
1612,2733
3237,1773
1413,1819
524,2320
606,2107
177,174
606,1615
761,3968
1106,2060
1706,2477
1851,1676
1381,2168
2082,2648
3236,2174
482,2663
2468,3058
219,195
421,1791
421,2055
772,1478
217,2718
2857,4045
2423,1867
2458,1598
1587,3519
1587,3520
1762,1397
1347,2428
1347,3886
336,1407
923,2313
2087,2526
3030,444
3147,270
1867,1675
1867,2013
2924,2013
66,1764
1428,1275
1806,1326
1236,1348
735,1359
1269,1165
3135,1666
2922,870
1391,1139
1249,1392
1687,3183
449,3932
777,1406
1441,1193
129,1814
2679,3851
1877,1391
1686,456
1362,2990
207,1969
697,448
1948,1070
3034,488
739,573
1190,3204
3029,1836
2870,1866
2799,555
993,1984
286,2099
2986,1497
1413,2777
932,2813
1600,1686
1600,518
2963,3269
729,3551
559,2890
1503,3804
1670,1196
3217,1199
1703,1278
173,3318
1035,2771
1122,1689
1123,3941
1081,1690
1083,3338
1081,1691
1035,1151
2145,979
2145,3993
2145,1558
1295,44
1074,299
2991,2352
1747,922
1119,3771
2081,2249
3224,460
1540,1358
214,3312
1771,3403
212,1411
1119,3691
423,2897
1149,3178
965,2249
379,3178
1147,3187
1287,1414
214,2434
1513,1145
1437,4052
1437,4051
212,467
2941,3186
1404,928
727,2612
1518,468
1119,1243
1545,454
2729,215
1545,1431
377,901
1630,2604
378,3599
459,877
3084,2551
3240,280
467,946
1174,3609
1058,326
468,3997
550,2197
1058,2257
2882,2842
3133,3011
1796,3011
348,2145
334,2150
2538,221
2386,1021
2665,3527
25,3443
39,911
2077,1417
1078,2390
3109,3819
2265,2962
1850,3438
485,1528
35,1356
785,1009
1762,3056
1078,729
3000,265
3000,266
1764,3367
1915,1451
1428,2449
1103,2223
2228,1495
1138,307
2909,460
2992,3359
1598,1189
1342,269
2639,932
3000,272
1639,3198
1937,1231
1087,2221
2933,3258
1772,2409
1842,2410
1778,2412
2465,3951
2801,3184
2252,3937
2052,3764
1078,2740
1544,1291
3167,1296
2273,1329
2273,3313
1826,3822
1042,1172
1042,1777
1040,3821
1483,957
1483,2973
2019,3428
2984,2975
1034,4017
1520,4014
1520,3593
1039,1318
426,3030
988,3734
2273,2922
1817,3823
2499,2686
3068,437
1629,2461
1908,3469
1583,4000
1584,4000
607,1930
1845,1203
1448,2811
1005,685
329,3423
2483,1126
2374,1774
2584,2139
3208,1808
2031,1724
994,167
2613,3305
2613,3306
1198,1999
2613,3303
1739,1219
2020,2875
841,412
1198,1999
1874,4028
856,463
1726,2371
2692,3628
2690,28
2691,3627
1453,2136
900,1141
1603,1236
1766,3368
1250,3272
135,2574
91,3973
1252,3272
1862,1274
266,3813
3149,1920
1862,1279
385,3789
2584,1573
2165,1940
2376,2873
510,1974
2580,2883
471,327
2580,1830
2921,1843
380,2086
1734,1476
2101,915
2101,1549
576,3277
583,2849
2199,157
453,3063
2353,2848
490,977
740,942
1705,97
1259,2599
2484,146
1324,150
2426,1952
3245,1086
533,1942
533,1906
601,1972
1420,1087
3244,1086
3243,1086
1825,91
598,1971
1774,1351
1490,2065
2498,928
3094,3404
1151,3370
3014,3295
2755,2894
554,625
2815,775
921,1806
1281,2261
1265,2957
1980,1417
2006,789
434,3366
2000,1606
2128,1607
2000,1605
2000,1608
2773,2866
2461,2846
2675,2860
2103,814
2676,2841
233,2803
2102,815
231,1845
2249,666
2744,2714
877,1444
2358,2624
1147,2830
2757,1772
1423,829
20,436
2829,1680
2742,473
2339,470
2339,472
821,226
661,1413
1660,1362
801,1525
2339,471
801,305
993,752
993,2011
1421,173
1459,172
2420,1902
2188,2473
1773,2680
1146,1389
2006,281
1527,2566
975,386
2860,1668
3220,2908
3192,2710
1422,2440
1113,2390
2238,3085
1494,743
2564,3342
1502,1763
1495,2359
1496,3330
1501,2617
3030,426
1705,2194
3054,3335
1003,1319
70,397
62,590
1413,3778
1413,804
1413,3672
811,2997
2464,127
1413,1192
1946,3005
2915,805
820,3556
2856,2755
1413,2825
1946,1217
1413,2092
841,3059
1229,2094
1413,3556
1089,580
2607,766
90,315
1068,1335
1068,1338
1068,1336
1068,1337
1999,2002
722,1343
1413,325
115,2120
272,1762
1897,3466
945,1038
2507,1170
3157,4059
884,2238
2570,2130
2543,586
2569,584
281,806
1413,3677
284,3144
350,2276
1333,748
2090,3462
2240,578
1273,1521
2090,1521
2533,1311
2533,2217
1333,4050
1655,1516
1973,1611
1974,1664
92,2586
93,2586
2043,2524
1428,800
1663,2523
1357,1287
1789,602
3132,568
2832,2742
1352,1709
2409,2773
1859,1415
1859,1416
701,2988
753,3244
2164,1576
891,3019
1875,1811
707,1005
885,3019
230,2512
318,1522
1917,2081
1914,243
1416,3139
927,2404
322,68
1668,1409
1434,1417
1465,1469
3227,1403
892,3019
2457,2016
2479,3019
2797,245
3107,395
1781,1742
1455,3729
2263,924
2263,2945
2263,2944
3089,2067
3089,1831
2264,3728
2085,1455
931,2115
3025,419
3025,3246
2845,2141
2908,2142
2891,1797
2430,1798
1618,179
1229,2006
1229,189
1229,1988
843,2113
2471,1853
1466,441
2739,704
143,382
2394,783
1514,3795
1514,3694
1552,1280
234,1264
973,77
2544,3843
144,1273
1428,816
367,3662
993,2005
1198,1233
1413,2871
804,3100
2925,3910
1628,3910
1078,3459
1078,124
1884,322
1491,3089
1884,133
1102,664
1884,3390
1133,3126
1133,3166
1133,664
1115,3126
1115,664
1115,3166
1442,4040
1442,1711
1960,3642
1960,3792
577,3883
1960,3643
2325,1788
666,774
2216,1138
82,2932
2324,1789
1375,3280
2183,3651
1678,3664
2183,3694
2183,3651
703,34
750,3899
153,2631
1961,2288
2223,2513
1473,421
1724,2646
304,3945
3080,691
174,2245
2887,1490
555,650
2819,1858
324,1823
2819,1859
349,1825
556,651
168,1826
2868,1824
170,1744
245,2805
169,648
2819,1
554,625
3029,2263
1754,3344
1428,2064
483,990
1915,1663
42,1800
398,2025
22,3856
1743,3208
3143,710
3143,710
1900,3615
478,2225
2344,2227
887,1033
2614,1877
887,1033
433,3221
431,2330
1592,3378
2937,2598
1593,1277
61,1544
199,460
160,1639
3189,2188
2792,871
2808,2209
2194,1127
881,3568
2408,2773
1861,1415
700,2988
2371,289
201,2800
443,780
487,2989
487,2290
1413,3692
193,772
1198,3533
1413,2782
993,1106
1428,1419
2515,163
1078,1236
2515,233
163,1158
2404,2687
3057,726
2247,642
2247,735
2427,3073
2466,560
1413,544
1458,440
2427,1081
301,2717
1413,1295
1532,3354
1530,3355
1530,3353
2280,503
1530,3356
2543,586
2570,2130
2569,584
2584,539
1097,2390
674,2867
1653,744
673,4020
55,2426
2944,3250
3227,2305
3196,3168
2343,1190
1198,844
805,2294
989,3953
2661,1631
1198,1353
145,1090
803,3223
1198,3215
1198,3217
2859,1934
803,3894
993,2969
2581,596
2459,1300
1539,3661
1181,2895
1579,2027
136,2972
1523,476
1443,2441
1613,1956
1094,2761
502,1958
603,1948
1563,3409
2568,562
1565,3360
2619,2271
650,3473
2422,1953
2013,3209
1416,2558
638,2903
2060,3645
834,1019
2055,3753
2086,3948
835,1019
926,1315
1476,428
2094,3947
2055,1841
1132,305
2274,1329
638,2903
2096,3820
2545,565
229,833
714,2088
2800,2260
2540,1648
2800,2088
1210,3391
972,1723
1210,217
3029,2009
2800,3720
3202,2123
1903,2797
1902,2797
2010,2122
2956,3507
2029,2778
1160,908
1736,2215
1262,3248
1767,1792
929,1532
2402,638
2048,3933
3,2029
2250,1892
1285,2153
2219,2536
785,2824
1413,1259
993,434
687,3747
685,3640
1232,3565
993,2005
3017,3648
1232,3565
1230,3560
993,191
1413,1259
3148,1312
549,4013
1883,513
3155,1624
854,1030
713,3430
2217,875
1078,2418
1636,261
1130,3170
1418,266
1620,882
1944,94
1740,1793
3026,1257
3037,2934
238,2254
3029,434
1740,2994
619,773
2471,4058
2582,3943
1691,1523
1188,2673
1188,2672
1188,1939
2398,692
2266,3818
3059,3361
1196,1219
3059,76
2632,58
2557,1809
49,2877
1272,3744
2839,2877
970,3118
680,3866
518,1794
2974,1292
2987,518
2986,3503
11,3456
976,275
2986,518
1600,1350
1600,485
932,1057
1600,535
2536,2274
562,1776
427,4022
818,3029
812,2295
841,3053
856,1401
1413,1286
2298,533
2636,2690
2476,364
3003,2249
1148,3187
2080,1358
1509,3771
3055,2602
1147,2405
1098,3691
1428,775
938,468
1511,468
1540,3113
2941,3181
3223,2612
2074,1358
1509,3691
212,2612
3029,3659
1404,2602
1341,2249
1150,3181
365,3180
1434,3113
3224,2612
2078,1398
2734,2072
69,4042
1899,3704
2432,2784
1456,1333
1456,3930
2996,3264
2997,1732
353,713
1456,1530
1637,1699
1129,3170
2659,2983
2830,2865
561,1429
1413,3788
808,1010
798,3521
317,1125
803,3227
808,2996
808,1014
993,3872
803,3228
993,3959
808,1015
803,1157
2326,345
716,3549
2580,598
571,1870
1412,466
2410,1869
917,3233
2410,1869
954,1043
3227,1404
856,2264
2100,3975
2383,3066
1001,3908
2383,1077
3035,489
1012,553
2972,2282
744,3117
2475,2791
724,178
993,434
993,434
886,1006
291,3232
1346,284
1862,1981
1286,358
2132,655
450,3931
394,2334
456,362
221,3880
569,2981
575,2661
2863,3881
395,2335
2131,972
203,1136
2025,3514
80,3014
1428,2186
377,902
355,3730
3068,438
566,2889
3078,1204
966,1325
1661,3741
825,1401
239,764
2462,2127
34,804
1535,1442
2780,2801
1535,1442
1443,3889
2335,2792
1126,3739
1510,3966
439,3909
1662,3742
2906,3939
846,1051
1438,1275
1128,3168
791,995
1652,3630
787,996
1184,3017
3180,3465
1692,3424
993,1096
2051,1741
993,254
842,757
2454,1224
1721,1572
2047,1647
1413,3658
993,565
1413,566
1,4
202,17
836,393
1367,393
1726,742
2417,443
1646,1456
1720,3292
2108,919
632,1925
1055,868
209,930
1220,1594
934,1417
2811,954
2388,1436
1753,1417
1078,305
3029,273
2356,2701
616,3922
2059,1625
2151,2350
636,291
2005,1068
3183,3781
2222,2256
2235,925
3244,1086
951,2977
950,1653
1967,3794
1712,3508
1202,1479
1077,3775
1077,3678
1423,1259
1077,3678
1416,3667
998,947
461,2674
1612,1450
2196,572
2020,2474
1428,2826
352,2303
409,1422
278,668
2338,2998
2405,3001
2635,2864
663,3000
841,1002
3101,3736
2405,2863
841,414
1413,2200
1882,2103
1041,3205
1323,3637
1413,1173
2474,945
2721,3802
2039,3801
2473,1761
1343,970
1835,1775
3029,3641
2272,2008
2272,1993
955,3057
775,1042
912,838
520,2332
1515,3591
925,1056
2918,3163
1078,3163
990,389
3174,3468
2142,2280
1413,1417
1278,1657
1354,3515
495,3054
705,2900
924,746
1393,1371
1301,356
1268,1412
515,2328
1413,3888
211,2411
813,1567
1045,1002
1048,3552
1048,2857
1049,3229
1623,1595
37,9
37,8
1807,3239
31,31
31,32
2092,2595
2092,2484
280,2438
1795,3477
867,2814
803,1010
194,2026
803,3021
1795,1980
1413,1322
1413,3655
3181,1937
162,332
2759,1959
3130,2928
1801,2483
1801,3558
1802,404
1128,3168
584,3026
2646,3525
1384,836
1631,797
1619,557
1951,3791
1951,3483
2585,2915
2842,1401
359,1275
1041,3205
1413,1259
501,3552
1413,1299
1413,4048
1075,1290
1081,2390
2426,1952
1312,1181
1111,3596
89,3969
625,3450
935,3814
2745,2341
1810,2807
2562,1931
299,394
3107,804
2018,556
3203,556
332,2884
543,1910
2345,2347
542,2954
871,2898
1089,3620
993,169
841,1029
2004,3149
248,1571
1492,3493
1464,3493
1285,3505
1046,944
1704,2933
2211,649
1816,1289
2148,3924
1078,1243
2149,3925
572,2662
1140,2943
810,328
1945,3789
2800,139
1945,2085
1413,2425
993,2544
841,1049
1413,2447
2775,1209
2315,2390
1369,371
1811,2651
2584,3705
1810,2651
1428,948
1413,2531
1360,3761
2534,1860
2078,3697
429,460
1514,1401
2373,1401
155,961
405,621
1413,3708
2063,3207
2273,1329
1078,305
1327,3262
1793,3928
1732,3416
2299,570
3099,2799
1556,1242
742,3263
1112,3155
1361,3685
3079,3371
1125,3156
1821,1186
1128,3170
1619,2881
2141,1997
642,2046
1351,333
3006,1559
2317,2047
2795,2709
1626,3707
1096,1329
1132,895
726,3900
2066,4016
1382,1275
2535,3495
3176,1967
2587,540
2662,290
3230,1324
2070,469
313,1383
2557,1817
2841,125
1078,2925
1715,3434
2791,104
2270,2220
2175,2639
993,3115
993,842
993,1102
1478,674
486,1643
1786,1235
246,2613
878,697
2269,1313
15,1672
1307,311
841,3604
1294,2423
2978,378
2977,1167
1294,2422
2981,714
1290,420
3250,2683
3249,2501
2002,2684
3218,2502
1294,2424
3219,3494
138,2365
138,2578
719,2666
719,2665
2599,70
109,2541
109,38
1778,1536
826,3837
1339,3874
1630,2603
7,1805
14,1804
1438,3639
2861,474
3071,2880
551,822
1572,1194
2334,874
645,967
1644,971
744,3128
856,1032
2093,2909
2158,3528
2856,96
993,21
3102,1514
1108,550
1091,3167
1815,2656
2972,669
2166,1916
2994,2222
2627,2287
2682,2724
2200,3489
2097,3665
175,2622
3029,1275
3029,1674
1017,1095
2811,776
2834,887
2813,887
1428,1349
1413,1333
1219,3234
2067,1705
665,3490
1832,541
1428,3702
3073,2516
590,1879
567,1878
2080,3539
1535,1950
1612,1966
2210,3807
1964,3693
1762,1225
127,3796
3046,3323
856,1034
18,3340
1317,3322
3229,2457
2080,3352
1325,3861
688,2744
879,1496
2996,927
213,1964
2377,3884
2878,1585
1777,321
895,1557
2741,148
1119,455
2426,1953
2212,1880
65,599
1345,191
2945,3603
3053,319
1344,2579
2464,48
1608,3069
999,3129
2779,2904
2778,1515
2779,3832
302,1543
1471,2269
1388,3647
1189,2161
2312,511
2195,1802
2248,2984
1540,800
52,3476
3114,3123
3181,1703
41,3583
2867,1555
1925,2677
2245,1748
2245,2585
2245,3555
2246,906
2784,1844
1713,2307
2346,731
610,1506
611,982
613,1473
608,1505
2807,630
2303,4053
2303,2698
1413,1357
3211,2658
2896,614
2995,1251
993,1100
73,1596
1413,1212
2159,2361
3106,2474
993,809
1413,2562
3106,2474
3211,2658
2316,3727
831,2694
3106,2474
3106,2474
2903,3053
860,2309
3164,2100
2304,2658
993,1100
2943,3826
259,2361
389,2383
1413,809
2159,2362
390,2693
2876,628
3130,3147
1078,3964
1664,1537
2080,2472
1765,1354
1231,3018
1757,3412
19,3965
1446,808
1413,3912
1413,3725
1203,2821
1203,1032
1118,3154
1619,1058
86,3083
3044,3962
3044,3962
43,487
684,1712
126,3780
574,1842
656,72
2789,1998
2790,931
2881,2212
2796,2105
2638,106
242,2804
2936,3335
1517,2444
2782,1638
1399,2132
2894,477
2574,1754
986,434
982,2570
2915,1631
2442,555
1992,867
360,3264
2605,3271
1995,2531
1056,2764
1428,2214
1078,3517
498,3060
1695,3877
1762,1007
1897,3464
1790,292
1730,2414
2872,1620
210,2493
1710,2492
29,1258
2932,959
2769,2769
1299,1614
1101,2399
1386,3298
1387,3300
1535,3397
2920,1725
1783,3665
2239,496
1428,1347
3142,3755
2381,166
728,1018
2428,1509
2836,2626
1338,3266
2422,1953
2577,1847
1571,3984
2500,2952
2677,11
941,1062
243,2804
3054,3336
3002,3048
2501,3376
1679,3876
3002,2697
133,952
566,2889
758,903
1848,3546
3029,671
1853,3559
1853,3545
1853,3546
1853,3546
1853,3119
3232,1491
3201,3499
69,1818
69,2087
2750,3665
249,3834
2422,1952
1336,3777
1335,3777
2260,2147
333,2887
2428,273
1699,2419
1837,388
1078,3173
2418,3114
546,2790
2163,1577
1456,3665
3074,2482
2503,831
216,3108
165,200
899,3970
906,3049
875,1226
875,1813
2126,3023
1198,1306
833,1218
898,737
898,1601
833,1223
898,1600
698,593
105,2229
1784,3222
1857,3767
852,3008
852,2299
1770,2861
3000,2427
1764,400
1061,2931
3185,2705
3197,1634
2042,3758
2228,239
1103,2223
2322,567
1138,367
689,2892
180,1733
2193,331
3029,1286
958,3088
2161,56
275,62
2032,274
1166,2031
2370,2745
2556,229
916,1028
993,1771
1508,3333
1413,3763
1037,3200
1468,2007
2172,3636
1059,880
1059,879
1174,3609
1659,3740
2306,956
993,1591
2880,2725
1606,3176
995,2005
2880,3405
1923,3971
1923,3972
2880,191
1461,380
1920,380
256,2725
1914,1331
3028,423
1985,4029
1078,1290
1828,2390
1277,2966
2609,348
2929,1670
3182,3893
1921,1629
472,3786
1277,483
1885,3769
466,1385
2898,2610
357,80
1868,80
1912,2610
749,1508
2328,3097
1905,2166
1905,1682
1901,980
2012,980
511,2323
1913,636
2967,1427
2215,3878
311,3960
1791,2491
2203,2632
3187,2517
391,482
310,4031
856,373
1763,2517
2421,86
2208,86
600,1540
602,1972
597,1973
1558,1183
1500,3327
1563,1796
218,3109
2163,1576
752,3244
1352,1709
2407,2838
1952,750
1205,1399
2065,1144
2434,1655
399,2652
397,415
74,2642
2438,2649
2437,2650
1019,3735
1546,1328
3060,27
3060,29
1873,2545
3103,1468
499,1856
889,1012
778,3039
873,2987
1285,3324
1413,1249
1886,3329
1719,3287
1719,3284
1285,950
1413,3501
3204,837
734,2794
2123,960
841,2360
1890,1275
2362,2673
1413,2165
2116,525
1033,3535
1413,1260
2015,3509
3138,3273
1308,1250
1121,3165
1121,3164
1406,3606
1907,3471
1152,3600
3184,3613
1406,3605
2035,3516
1688,3421
1493,3325
856,1025
212,2582
314,2958
2136,1582
1379,3982
1876,3984
1078,2593
545,2036
2179,3457
2413,1801
2594,1868
896,2720
196,3646
2276,1321
3023,1320
3047,3723
1935,3481
1413,1259
1227,536
1191,485
807,3836
1215,3214
803,3226
993,3116
2630,75
2959,518
2961,1163
1413,1259
2174,175
803,3022
803,3201
1738,3202
2954,1716
1192,3475
69,3921
2640,3921
2640,123
132,123
69,123
3231,667
139,3141
981,1137
933,1459
3212,2874
1030,3718
3212,2874
783,667
1306,2226
103,54
1855,858
993,2378
2191,4038
2115,3051
226,2008
1169,1282
2352,1939
1514,460
172,2795
1953,1474
1951,2818
1413,3677
1413,1294
755,1124
755,3124
402,591
51,19
1836,135
1748,923
102,43
1596,60
2973,40
2930,3447
1746,296
26,3
721,1901
2078,460
3160,461
3235,277
2478,2660
1332,1698
2243,1897
2391,529
2287,1376
1078,1243
1078,1276
1078,3712
2589,1975
1535,816
1396,756
1397,756
1428,2353
2198,153
2361,302
3176,2489
2584,3713
3029,825
3176,2104
1681,2476
1909,1211
2424,3482
3198,1837
3176,1635
3176,1656
738,897
2379,1400
3015,3357
342,1464
3141,3665
3248,851
1078,891
1260,3247
1261,3247
2057,1188
640,3317
2057,1210
416,144
1499,2084
3119,2430
457,1850
139,2520
111,506
2628,4046
2006,2481
204,1134
2216,1138
203,278
205,1133
81,794
2542,537
2825,1848
187,816
757,416
1977,2459
1980,553
1395,816
1980,402
1978,3192
1812,694
993,1333
381,3773
1078,3379
1068,75
2221,79
841,460
1078,3173
1489,3252
203,1136
141,2504
2996,2425
1244,2048
1244,2044
1244,3522
3247,3394
3246,3393
1243,2049
1244,2050
638,2902
2368,1693
1078,303
1413,2390
1413,1259
1956,1642
250,279
2038,4039
1569,1424
3199,1333
2840,1683
288,910
1020,3581
2726,368
96,1734
2748,3145
3117,3798
1762,460
1762,460
1706,2499
3111,363
1698,3601
837,1052
2218,969
430,2298
432,2293
829,2298
430,2298
2259,2111
853,2870
930,1742
1434,2488
837,373
2494,1548
2508,527
1814,1493
3113,514
2844,861
1597,14
1597,853
76,1970
76,1654
76,1562
704,4043
2506,2152
560,2891
1428,2058
2058,1222
2058,1230
1750,2285
2106,640
1460,432
947,3038
2655,845
1413,3809
220,2938
581,3396
1355,3382
1607,2149
2657,1101
1288,369
2396,3864
1805,3875
2397,3864
1938,1428
3060,2164
2862,3879
2436,1951
1838,2557
1931,433
2611,564
2302,460
856,726
2380,726
2379,267
2379,2241
1881,2485
1054,3650
3019,3649
1645,460
671,2738
2350,594
1263,314
670,2737
455,1894
620,3254
887,16
887,1033
736,1883
2371,3383
200,4023
984,2066
1423,1129
1609,2606
2601,23
2037,1293
276,3224
290,2741
2760,576
294,2879
446,2228
105,2402
2283,3768
465,3897
2254,3472
993,2366
3072,2563
993,1458
949,4033
2275,1113
854,1380
2889,1799
1172,1684
3122,690
2805,465
1173,2948
2046,709
1047,3302
1047,1425
437,2114
2080,1181
1866,1207
370,3225
1640,2671
1423,2172
762,416
1423,1379
2730,2135
3096,156
1109,2390
123,3906
2980,2078
1823,2498
131,2024
503,132
1392,3695
2084,1131
3227,1132
1490,2070
3170,2239
2256,1309
3188,2540
1540,3343
1388,1253
886,1502
886,2743
2762,2727
2008,2510
985,3102
588,2515
1212,3140
1198,1372
1026,3810
368,900
851,3915
88,3130
454,581
790,80
822,1452
454,1726
848,282
454,695
2154,3090
822,1452
2155,3096
2045,2539
790,80
94,37
2919,26
1794,387
356,2012
1611,2835
780,1023
1198,2960
1198,3929
1198,2914
2850,3067
264,809
2804,2304
2723,3413
2738,1073
2771,1633
2525,736
2732,1073
2687,1633
2843,2885
2743,2240
2843,861
1622,3389
977,3081
794,1002
2197,988
841,1055
1413,804
845,992
2960,916
3075,3510
2663,228
993,3121
3018,3310
428,2802
1349,2780
2914,2470
1164,3189
2718,2266
1896,3463
464,2956
1330,3268
2395,4010
2173,2751
678,2919
2917,3817
2450,1636
1078,3621
1894,338
1894,1509
1060,1288
1716,828
1078,3620
1714,3902
1089,3149
1428,2703
565,918
1761,88
23,90
1162,2819
1739,1159
2171,1753
558,2935
1642,2267
1512,2252
3226,2439
2502,3905
2497,3857
1090,3151
1104,3174
3064,3242
1105,3153
1117,1381
1124,2175
1088,3193
790,3016
1693,3425
2968,2415
50,3111
2486,1179
1305,775
2332,585
2230,1067
2234,1369
2229,1323
2232,1370
2470,885
2231,2808
652,2736
1922,2177
1756,3542
463,2289
948,3891
1221,1232
2033,2445
420,2584
2167,2584
1198,3668
2323,1500
937,1002
1752,923
1297,39
1794,3536
639,2621
1750,3536
2329,2349
3233,3546
570,2619
1475,89
639,3852
2592,575
2255,3440
2400,492
1860,3936
2399,2837
532,377
1120,3369
2300,3855
1487,3774
1712,2509
1711,3454
1078,1297
1201,1479
587,2515
2016,2508
2688,3077
1428,1417
993,3835
1413,2258
1033,179
277,3381
1551,3350
1555,3349
1684,786
351,3816
2076,1486
1674,898
1183,816
2565,343
2735,222
942,1455
1735,2004
1735,2664
1914,2719
1768,478
1735,2374
1006,2372
1755,663
2202,1965
2207,1965
1135,2747
618,2068
1085,105
2985,101
1315,2073
1579,1613
338,2822
943,1007
1203,2823
1754,3344
1142,2395
1142,2394
1142,2391
1142,2398
1077,3803
1982,3511
3029,1341
3029,1457
540,1909
862,1991
531,1904
694,2951
1562,1358
530,1903
293,719
1453,410
2672,244
1498,1285
2910,3903
1547,3782
962,1083
63,2616
415,168
1013,2466
2617,2851
2831,3135
171,2793
2186,3484
1423,2157
1423,2154
1428,480
1423,2156
1078,30
1131,1550
1409,2959
1078,3148
1078,657
2001,1180
1472,2961
1131,639
1541,3751
967,3099
3022,2053
1589,251
1589,1722
3195,4012
67,3859
67,1820
1179,2265
1840,2630
344,458
1399,2054
1399,2133
1177,2789
2776,1917
1804,3346
1804,818
1428,2417
1428,1181
155,961
3081,1584
1438,1259
373,1915
3098,747
1359,2389
2572,1888
1359,890
190,3887
1942,1146
3150,2713
2069,1065
2947,2712
2998,1483
2835,546
2285,558
1011,3136
447,2999
2124,2377
667,1066
436,517
2017,1696
1594,3716
2979,953
21,445
1453,1233
414,3715
1831,3756
2982,3624
944,4037
1839,3435
944,259
907,2311
1975,268
2887,1718
993,1390
271,1755
1413,2093
1946,3671
993,2075
1946,3005
2856,2755
1413,2089
2464,127
841,3059
270,3213
1946,3671
24,1435
2025,3514
354,3730
1946,1217
1413,1390
841,3059
1413,2089
1229,2093
1413,804
1484,2183
1427,2184
1484,2189
1423,1465
1426,1466
763,1439
799,2992
1194,1353
817,844
817,3553
2768,802
1453,1387
1010,2967
817,1003
648,1943
1762,1016
522,604
2369,615
64,2083
782,2847
1394,2858
1394,2859
295,3681
2120,2083
1657,3737
1159,3190
57,3584
2510,4001
2453,1994
1016,219
208,2146
751,457
679,2144
2204,2039
2205,2143
1078,2390
2765,1045
1008,914
2768,3733
1828,1290
2774,1209
2712,616
1141,3316
1872,1552
3153,3236
3237,2753
3153,2596
3153,294
3153,2699
3153,2597
3237,1890
1413,4049
3153,1374
3153,2407
3153,447
3237,973
3153,154
3237,193
1413,635
3237,701
3153,3719
3225,2015
3238,203
3153,2317
3237,2699
3237,534
3237,1669
3153,3719
3237,3236
1413,976
1413,878
3234,381
1787,1259
2597,379
824,1224
2454,3553
2454,844
145,3564
2454,3811
2454,3122
2454,3094
1946,1631
2454,3541
2858,1924
235,3663
236,1261
246,2613
3070,1580
1542,1579
1895,810
1727,2965
2642,2283
85,2284
2119,3839
3049,2463
2119,1417
1560,3358
887,1032
2614,1877
3178,1208
3178,3453
1834,3759
1078,2187
1428,1245
1413,816
2041,1730
1078,2224
1989,3374
2794,346
2009,179
1421,192
513,1069
265,1849
605,374
2026,2181
178,1552
2385,2728
1414,3703
993,1097
1467,3760
695,2750
1316,699
198,1013
2621,2971
1001,2000
1428,803
2584,2390
1076,3319
1428,323
262,1410
1428,2853
3131,316
1465,1303
3131,1284
1658,3255
2040,129
993,2124
2666,1628
1198,2019
1794,1995
2518,161
2484,146
1324,150
1350,975
2104,2765
403,2456
2006,2504
1706,827
419,1568
1089,2927
2416,2035
629,4054
2505,665
1918,2495
480,248
500,247
1438,398
1731,3012
1282,3998
1798,619
1223,758
1223,3446
2548,3800
2541,588
2133,521
1444,439
1428,637
1590,2609
1813,1417
1402,3743
1423,2531
1413,3988
599,1973
604,1972
1566,3348
523,526
1041,3205
1815,3754
2372,2333
1750,1417
1762,1401
2563,484
2236,2905
1428,2816
2354,2627
2590,632
2571,3005
790,3131
788,450
668,2026
3241,661
2972,1249
1633,1191
1313,1249
3045,670
120,1616
1635,3726
1719,3285
1176,608
2885,491
1276,1329
1610,3688
2927,2455
1571,2594
341,2531
3164,2532
579,4035
3164,1815
341,2561
856,3041
191,4035
2696,2918
2433,350
2584,498
2281,601
1887,2531
1653,2134
539,3862
1143,3687
1144,305
2985,3994
3126,3696
2939,3607
2603,791
297,4019
2446,3002
963,1828
3010,933
2062,1304
1094,1252
521,2344
2824,2766
337,760
3100,3407
363,330
2351,2487
2966,1185
2513,236
2379,1678
2286,407
1470,2529
59,541
2337,2704
1815,3431
3200,3797
2969,2527
4,63
553,494
45,6
552,7
0,25
5,10
508,225
675,2763
2727,1913
2393,1529
586,3978
2027,3132
72,273
1078,273
1078,1417
1970,2950
3175,839
1447,1979
1451,3644
2318,501
969,2005
191,862
222,1588
2704,2314
2694,656
2725,652
2005,486
870,2551
3240,873
869,1625
181,2850
13,1325
2501,3375
3078,779
3061,3537
1536,2185
1993,1677
2342,1501
3024,3175
1078,1449
1413,1243
1198,3597
993,3087
2763,854
993,1098
1198,1243
2406,4011
993,1105
1198,1223
1815,3754
1198,3191
1413,2855
1413,3595
1209,3218
1211,3919
1195,3918
1578,3372
258,622
257,2774
1208,3216
3136,3274
621,3237
1078,2978
1078,3339
1078,1783
1078,3219
993,1333
1673,3418
1504,2262
1482,1534
2011,2213
223,2160
1864,3957
1758,3958
1891,3955
1855,2868
1891,1531
1864,3956
1504,2205
662,1630
664,763
1107,2655
1136,1708
612,3985
312,4032
856,1032
529,2342
617,2836
2952,3776
1982,556
1066,2202
1321,360
1322,2176
1666,3259
1522,3917
1828,937
731,2701
960,2623
1000,1108
1178,3079
1180,3080
3239,1040
1213,1275
3033,1681
82,5
2,13
2513,1840
2521,1840
2521,114
2293,2140
2294,2140
2295,36
1665,264
978,137
2940,2385
2225,310
68,1807
3171,1574
1413,1316
2307,627
902,3138
902,1032
10,3138
903,1130
2308,627
903,3138
2740,704
563,633
491,2985
451,675
1251,3308
2078,3046
133,2574
2501,3362
1785,3387
134,2574
2392,1520
2851,1749
2853,1751
1762,1396
2448,2910
682,532
3209,3408
3063,337
1550,3573
3063,336
1528,337
1550,2533
1535,2151
2681,2546
732,2180
733,3926
2278,2125
1156,1472
676,1644
660,312
1078,896
2647,1717
2837,659
2150,3309
623,3006
2364,2711
3118,1492
1078,305
2849,2657
1298,3805
1643,3625
1065,502
1946,3524
1413,1175
1946,3005
1229,1833
1229,2094
2464,127
1413,1390
841,3059
244,744
3168,3995
1573,3315
3168,2707
1573,654
544,770
2481,1490
2905,785
445,2820
388,2532
2114,2542
383,3015
677,2306
384,1225
382,3015
376,1839
384,355
2122,3047
2442,2507
1794,509
251,3500
1534,24
1980,1080
1044,1354
418,2936
1453,2811
1453,3717
2251,519
1465,3511
1453,1373
2852,4021
1782,1662
3152,819
1800,318
1892,3656
1535,1861
1331,3267
1423,2817
2023,3981
2023,804
3016,2433
817,1121
145,3032
1946,2026
1524,3699
803,1011
817,3811
1378,397
1180,3076
1293,1467
1178,3078
2291,510
2529,2667
1436,1619
2291,3611
1865,3587
273,3068
1865,1283
1865,3622
3173,1928
1423,1275
1264,2937
906,3049
953,3009
1092,1148
1413,1275
813,1565
279,830
830,788
1285,3634
1198,1229
1991,1603
746,1604
452,3063
2112,977
630,942
538,2346
1431,1184
3228,3598
3194,3485
2869,631
1216,3588
1417,511
1889,2116
3043,511
1187,545
1165,512
2558,350
1580,3940
920,511
362,3585
1653,823
937,2028
997,2373
269,2637
2327,676
1423,480
862,427
274,653
863,749
849,2571
937,80
2152,2367
850,2572
573,2620
1775,3546
769,1632
2873,685
1830,3554
2187,1810
2873,3935
393,3927
3029,1443
323,224
1073,462
3029,1891
108,1929
861,3182
2970,306
1217,3215
989,3953
805,2294
1052,3845
225,2976
1669,769
2455,2967
2454,1003
2456,1927
2454,1353
3029,844
412,2324
1454,1334
803,3016
3179,1308
3125,2077
2584,601
2357,2325
1366,1170
3156,3107
832,3970
745,523
959,3098
1423,2547
1428,816
697,2057
1428,2816
240,1330
3022,2053
959,3098
696,2056
3055,1393
1344,3849
3158,662
2111,401
2282,917
747,3552
3086,2234
1193,1059
1760,3419
1751,2611
2078,3547
595,2329
2290,2494
438,197
1398,3858
827,1024
1078,256
886,3557
2877,1541
2333,417
1078,3169
1078,2396
1849,209
865,1039
1725,2537
2144,1526
692,840
626,767
2331,353
2622,2097
1134,3168
1100,3148
488,2986
125,3010
1453,3798
993,2235
3107,2506
1078,2390
1413,67
2020,2474
993,170
1353,3055
1486,2390
993,2734
980,213
1240,3243
1021,941
2756,213
1413,1757
2034,2964
1963,3793
2177,1658
897,3235
1434,437
305,617
672,2336
858,3890
2951,3460
2958,1061
2958,1061
1602,2576
1932,2355
3085,1547
1694,681
1434,2565
3001,1535
1627,2573
1575,2102
3029,3659
339,3546
1481,3631
711,3546
2310,2451
763,673
1206,3853
2288,705
2130,1746
952,1768
2523,3938
2517,234
2517,115
2336,849
224,1747
2428,399
2336,848
961,2358
1803,273
203,2198
82,2779
840,65
16,2380
1749,921
1303,41
1981,556
1078,3157
1080,3570
1650,3211
1477,3326
1824,3950
2056,1795
1638,2685
507,117
1235,3245
2390,2615
1364,3209
417,2911
635,2902
1519,3206
2169,3898
1096,1329
1132,895
1626,1315
2495,1358
3058,468
2838,464
3227,1401
706,1983
2079,460
2153,3842
1434,1358
2095,3896
2079,3895
1119,3574
1147,1149
345,1411
2062,2612
1950,750
2886,1481
1718,3616
1198,3112
1236,3133
2445,82
2751,122
2964,1161
2956,1152
2956,1155
2956,1153
2964,1195
2956,1154
2957,1156
3190,2018
3190,212
3190,209
856,1032
856,3783
887,1032
856,460
2355,2351
2990,1822
1649,3024
2770,460
2770,1271
1649,3025
2770,1408
1292,2974
1153,1267
247,359
1911,340
1084,143
1025,143
2113,755
1682,3296
1329,964
100,2061
2823,1677
1676,1177
3056,1524
2554,273
2522,160
2522,233
2532,646
2935,273
803,3037
993,2970
285,1926
803,2272
2856,801
145,1091
1198,1269
1423,1176
1198,2828
1189,511
2485,2101
2485,1487
634,793
228,102
2279,601
2241,696
77,561
319,1513
1971,1166
1413,662
1027,1116
237,3618
2787,3618
2787,1507
237,1507
95,1507
237,3623
2787,3623
2787,3806
237,3806
754,3125
201,4024
2371,220
1876,3870
2677,3392
32,3461
1222,1234
1876,2490
2088,1036
548,1377
646,3863
2649,2867
154,2758
1200,3543
1729,2518
2643,2343
699,1480
1452,3670
308,1877
905,1032
2620,1877
128,3065
2213,93
2907,2901
2469,609
331,660
2471,4057
1078,1780
1413,3724
1276,3150
1413,3160
1078,3161
1601,3717
458,2946
1413,3162
993,434
2024,2178
1051,847
1145,1244
1413,3159
1413,3750
993,926
1024,3120
2596,1704
1413,3690
1413,2182
1943,3592
1962,3762
1078,3172
2267,2237
1601,3676
3181,64
2311,551
2313,74
1795,1980
285,1936
2184,198
1795,1987
1057,2110
1769,3220
3051,3334
1878,3983
591,479
2828,3869
3041,3682
959,884
1980,1079
1428,1079
2490,2074
3128,620
2347,1919
1936,834
2378,2716
857,582
1428,807
658,1332
956,1031
2262,1268
2109,3779
2242,429
2886,1481
2886,716
1462,1685
1914,1331
1914,2555
444,2708
720,2681
1819,3721
2579,597
328,349
1985,4029
1986,283
1615,2721
2728,603
3092,3910
2820,1348
918,2752
1086,3523
928,3033
1239,1220
2456,1935
2454,1224
448,1731
516,1941
765,1050
2680,2574
568,1041
84,1832
2384,3992
1792,987
1347,3569
2576,3583
829,1427
774,863
2798,698
743,2625
2091,2312
2574,2250
1189,511
3124,2531
2777,2413
669,2672
2591,2076
2271,531
1940,2134
1428,803
2451,1645
2879,4006
2135,4005
1326,1545
1326,1076
1996,2497
514,2326
1786,1235
1302,2568
369,2249
3227,2612
379,2403
1119,3771
1028,1366
1779,3112
3029,1344
922,1719
1696,3195
541,2345
3029,3345
2286,407
413,732
58,508
633,2700
1291,255
1621,2032
774,126
743,3914
741,2590
2134,2255
1413,1417
2866,1622
141,3497
327,349
1819,3722
720,3576
1648,283
1921,745
1067,706
2684,1933
2883,300
410,1872
3216,1581
527,2338
469,2923
470,2924
2701,301
474,2230
2848,390
1413,3665
1403,273
715,542
702,1977
2783,516
1933,2587
1023,2379
1759,2388
890,2302
48,2369
1980,2905
1810,3752
750,273
2912,238
1930,1301
1425,644
1448,2811
1004,384
1423,817
1413,1758
971,2375
816,823
993,2939
796,3212
816,1011
2454,1360
1680,1200
1292,1247
1254,3892
2865,4002
2864,3882
1095,1673
2107,3654
2068,1705
654,46
655,45
1880,3784
1879,3689
814,3398
2856,771
2464,2022
1946,3671
1229,2021
1229,2091
3205,2020
3205,3680
1413,3671
1413,569
814,804
1413,1216
993,1103
814,3415
1413,451
3205,3680
1413,865
1946,2010
814,3401
2464,171
1413,768
1413,3986
2049,2470
1741,2253
792,965
2962,1227
1870,3980
3077,1109
1436,1695
1436,1908
2118,2833
2634,3070
614,1512
595,723
142,1649
1413,1259
1008,914
2669,1053
1941,3787
1828,1290
307,2963
1038,3199
1082,3594
1114,3158
1082,3203
1082,3238
1082,1290
1082,3230
1082,2411
3154,334
1082,3610
2467,2979
2972,52
44,2042
46,240
2656,2041
2730,2135
2730,2354
2143,3976
1514,1272
2477,3385
80,3014
2747,813
2895,3386
838,3977
2715,1985
3095,2469
2489,2364
411,1949
3095,2468
2695,625
1529,1651
2489,1084
856,1027
2233,1110
2737,1071
2702,3050
2812,2525
2746,201
1685,1354
2706,2364
340,1027
1246,889
582,3871
2720,1143
2736,2644
839,3301
2419,2762
3011,1586
2826,1905
1733,985
2715,1660
2139,1960
156,1701
473,1542
819,3548
1450,1646
2537,253
803,3544
2530,3529
2612,3231
989,3122
1577,759
1888,1692
718,754
1893,2706
1926,2723
1612,2702
1966,286
241,2179
2813,887
1078,2137
241,3841
2512,164
2512,235
241,1779
2811,954
2813,113
2492,2643
2575,1623
17,257
1158,1852
2268,2076
2435,497
3029,435
364,687
1428,437
372,688
271,708
2431,424
53,607
631,2638
206,1976
2821,71
2237,3112
2950,935
3105,3745
1431,1181
1305,954
431,2331
431,2330
1557,883
2185,2432
1559,832
1576,2767
2425,165
1031,2840
1078,1243
1820,3753
1410,2437
1829,3632
1457,3320
1377,396
657,376
2608,2337
227,2019
3214,1954
252,184
252,1995
1968,1628
2549,158
2553,250
2553,2912
2553,2913
2555,1426
1167,3709
1428,1401
2244,199
164,361
157,49
287,3571
56,4041
1283,1721
83,2553
164,963
1926,1618
1415,403
164,1617
1667,1307
3036,574
2714,1093
1910,320
2072,790
3042,3406
893,2519
326,2357
2808,2629
2816,2556
2053,1402
585,1697
1203,1401
1203,460
1203,3020
2586,606
908,1045
1400,3314
1033,1829
2800,3304
2800,1198
564,812
296,2069
2613,3304
361,1213
993,1120
1413,3830
2612,2955
983,3101
2800,3504
1413,939
282,939
1033,1382
1033,263
2800,1423
3166,2682
2348,3233
2412,1803
1914,1044
1647,3913
1591,1432
622,2275
1186,3812
3110,1485
2214,1484
2983,753
2983,453
1957,583
913,1054
1695,600
212,1441
3051,2158
3051,795
1946,1302
3205,3680
1946,1864
1946,2010
809,3400
1946,3790
2761,3299
116,3815
3151,1739
1314,1738
1552,784
1709,1938
3112,1898
1702,1896
2387,1384
592,2368
1535,803
1997,3337
477,2869
519,375
615,3949
1390,3061
266,2112
3162,1556
1549,3706
1549,3711
12,3098
1548,3706
1419,1259
1698,689
2491,2390
2491,2339
1862,1437
1856,2906
2928,1438
2441,2034
2072,1228
2137,1713
1198,1461
790,3540
1305,860
1228,3297
1463,936
1044,3669
1130,3946
3215,409
710,1440
2854,1735
2623,2941
2482,2297
1430,385
641,520
1432,703
3144,2033
2817,1587
2803,1471
2021,1470
396,2348
3052,643
1570,2348
1435,1445
1507,2668
1567,1446
3048,3854
3137,2907
1561,1488
2809,775
2719,1365
498,3060
2810,775
71,2749
2588,629
320,2316
2314,2206
2181,2729
441,2757
2595,3868
2559,2063
183,888
1798,619
2493,3765
2971,4018
260,1286
3008,3278
2104,2765
2931,974
1797,859
1797,3566
3134,846
3196,3168
1423,2129
2758,66
2360,66
2360,1767
2758,1767
392,66
3097,3665
914,4004
789,3034
793,3035
2129,2155
330,1769
330,1511
2129,2173
844,3402
844,2811
991,1462
1972,4025
358,3512
1776,3442
976,518
2986,518
976,683
2986,683
974,1085
1679,2607
759,2201
2848,3923
1679,3458
3242,2511
2707,383
2724,2514
939,1281
400,1922
2856,754
1445,227
2616,1978
489,3746
3129,1570
1198,1417
2800,1453
2800,2322
2800,522
1934,2052
2800,496
3029,1864
993,20
1794,3445
1605,3444
184,961
2901,2653
161,2788
808,2993
1413,3714
808,2996
808,2996
2443,611
1383,1171
1368,2926
1371,3286
1370,3283
1374,3290
2644,612
1372,3288
2509,4001
512,1893
993,190
3107,3799
1976,826
993,190
1844,798
993,190
1479,3961
371,341
637,1855
693,3422
1799,3467
1737,507
1843,3934
2660,309
479,2886
1155,559
504,1907
3104,4001
2170,4026
737,4027
593,2340
589,3944
3029,1333
1411,273
2524,115
79,2537
2524,234
3029,1259
2789,1998
855,1339
3029,1475
2162,1957
136,2574
2073,2564
1234,1345
1198,3840
3068,1352
1334,3420
1540,3666
1540,3152
2699,2872
2988,3626
3146,1498
1574,2920
1358,2583
2965,2832
894,2827
888,2995
347,2844
690,835
2686,2756
2340,2810
2772,549
2447,2843
2606,765
347,2760
644,2772
2686,1564
627,2862
628,592
643,2812
2772,549
387,2796
1253,3293
3121,2839
1535,1215
2653,3963
1229,3561
78,1560
489,3999
886,3535
993,1527
263,324
1939,949
1929,273
993,2231
1008,1112
841,1045
1079,2390
1828,1197
1828,1290
3254,3608
841,3044
3227,3020
1305,3710
3029,2531
424,2118
1780,53
1780,2117
1742,2408
401,3757
112,1982
114,2119
1022,51
915,991
113,2109
2054,2017
871,1043
609,1627
2426,1952
528,1885
526,1884
2277,2080
1988,1583
1690,1554
1988,155
3193,1650
1266,276
1224,3952
1266,1687
760,3619
1225,645
770,538
1521,1688
1632,2045
2341,634
828,2732
1553,3491
1157,1851
1296,262
2683,2917
1237,3240
1689,1610
1225,3534
1328,3602
1497,1533
1328,33
2003,4034
2949,2062
2504,679
38,2748
874,2475
2297,3075
756,2930
2189,1115
3029,3653
158,3104
2190,3634
2626,3635
159,3093
167,249
1882,3452
2253,1710
1568,3749
2182,2896
2176,3885
6,2889
766,298
208,99
919,2726
768,1787
748,2277
681,1899
859,2670
904,2211
2180,214
979,3143
379,3185
496,2301
497,2300
1255,1667
1990,4030
1675,1355
1431,3732
1675,1354
1246,889
28,2496
3083,406
110,2715
107,2634
1683,3424
2471,4056
475,3449
1300,2
1984,3448
1304,59
30,920
