activityID,riskID
118031,13524
118031,14476
133842,15293
128233,14475
123819,13665
117235,14425
117236,10064
103594,12547
112927,12548
125607,14535
107208,13150
103593,10574
120731,14160
120306,13510
120306,12064
120730,12554
120730,12200
100476,10766
122656,15208
104793,15366
104793,13226
116441,12585
120858,10163
121034,11853
100959,10153
126114,14028
107613,10366
102681,10365
118529,11404
126115,14693
127302,14209
127244,14208
128442,10372
102243,14837
103725,10607
135055,12323
135061,15381
135056,15383
108517,14629
125687,13157
109992,12974
117708,12785
117715,10683
106508,13237
117716,14407
106511,13235
117719,13429
106510,13236
117706,12718
132296,11208
131025,14952
115503,10196
120791,13245
117276,11734
126546,12436
110943,11536
130396,13872
111085,14300
111085,13871
127102,10922
110867,11735
129133,12435
100317,10423
122649,13516
110397,14465
110398,15357
116784,13515
110773,14107
126901,14154
128351,12771
117990,14153
121958,12843
115059,10730
104959,11869
115062,10786
115062,10731
130875,12651
115060,10729
115060,14734
106015,12772
113457,10531
113438,12008
113458,10530
100236,13224
131126,10532
119028,11060
134083,15264
123313,12964
119034,12071
119035,14560
134075,15260
134077,15261
132572,15008
119036,10161
119030,15021
134084,15262
119025,10162
134076,15265
134082,15263
134082,15259
119029,12963
119041,12781
119027,12414
100267,10050
120062,13129
119024,15022
119032,13826
119032,13825
119033,11061
119037,12415
130904,10977
130906,10976
130906,14757
103837,12483
105578,10256
103836,10975
114217,12845
109810,12045
129147,14977
129146,10520
129145,12311
122158,12312
114206,13990
114254,12252
114302,11514
122160,13433
116470,12587
104701,10438
134839,10439
125149,10014
134167,15269
134167,11126
111663,11104
104061,10656
131449,14862
104063,11063
118631,12942
133385,14554
133385,14555
133385,14556
101794,14104
129456,14266
129456,14267
129456,14265
127805,11581
129568,14573
128422,14488
128423,15277
122032,13416
128349,14340
128420,11683
109704,11534
109706,10834
116745,12620
124450,10842
110078,10841
105160,10839
105160,10840
110080,13764
116830,15333
116828,12630
134647,15334
109224,14762
107303,11145
100723,13473
112981,11421
128831,14366
112980,14764
109222,14763
105626,10887
135032,10605
108596,14997
130142,14659
130143,12299
103093,11749
103096,10603
130642,14738
130641,11751
108593,12833
103094,10602
104182,12832
103098,11750
102703,10604
108598,12834
104537,14448
115664,11761
129730,10278
129733,11317
108282,15038
134539,12710
107249,13499
121770,11677
121769,11507
112477,11996
107250,11506
115590,12450
119331,11312
132705,10342
103007,10483
111835,15142
109743,11547
129906,12277
115636,10158
102093,10332
127467,11793
118676,11792
131093,12228
131095,12932
131092,15044
131096,11112
102546,12933
127424,12375
125115,13883
125238,13920
125238,13921
104447,12284
100710,10941
130480,10331
130512,11396
127779,11986
130523,14310
104802,10773
104802,10774
130526,11395
130526,10890
127781,15195
122048,10361
130552,12790
130556,14239
105071,10598
105071,10599
105072,12147
129641,14581
120780,10722
121665,13403
121667,13364
121257,14254
123619,13639
120781,13131
131995,11927
104314,10702
112249,13186
112248,13187
131258,13776
120368,13153
131259,13777
130706,14735
121872,12629
114370,13215
110952,14534
107002,11748
129316,10432
114454,12272
108291,11319
122186,13439
128467,12152
116911,12260
111264,12363
111162,14220
123729,14221
113333,12171
113618,12156
113617,12138
113750,12110
114911,10041
125497,14127
112692,14542
124237,14543
133581,11233
108321,13171
104373,12838
104374,12839
116674,14736
116674,11956
116674,11955
135172,10490
129009,12947
112641,11181
102166,14303
132991,14845
114941,11877
108126,12488
126978,12487
114940,14844
100563,15219
134865,13308
123155,10189
109632,11525
109631,11524
106382,10997
106382,10996
100349,10705
127920,10695
120562,11222
132354,14992
100808,10132
100460,10085
100462,10082
126567,14087
108081,12464
100459,10084
100464,10083
108082,11272
102957,10386
119729,13085
105378,15225
112596,11194
112407,11475
111963,13755
111961,11613
134926,10721
134926,14839
134926,15370
103462,12094
131286,10312
131288,10924
133720,14696
130341,13386
133719,13779
119345,13046
129547,15187
129546,11763
121540,10150
102163,11193
107577,12149
117725,15318
118649,12108
125093,11166
109856,13781
124252,14173
118644,12557
118644,14589
128600,12558
103183,10077
103183,11358
103182,14175
134691,14174
120016,14176
120016,11559
116786,11190
121839,11165
108835,11893
121173,14937
102590,10654
129153,12556
109384,11490
109394,11491
114190,10362
114189,13933
114188,14571
118107,10029
133237,13682
122554,13486
108773,10263
126184,14019
126185,10335
123512,13570
126036,13711
125942,13597
126336,10334
103215,10506
126035,10336
109386,11149
121662,13363
129980,14674
109124,11444
132165,10824
103649,10591
108919,11419
134950,15371
108918,11420
132939,13270
122528,14774
122528,14773
102778,11002
102775,11001
120597,11102
103788,12555
120598,10238
120596,11103
106222,14620
131936,14791
131938,14792
127220,14793
100725,13246
120977,12860
120978,14048
115763,12477
115623,12476
115752,12481
100041,11528
100041,10114
115040,11602
115040,14242
115562,11530
102048,14030
127090,14183
102198,10513
110707,14595
120410,14188
125439,12285
119504,11937
119503,13251
114453,14663
131890,13212
128610,11653
128724,12286
115693,12466
119000,14307
119000,14308
119840,13213
101058,13185
124851,13819
134349,12719
114716,11236
114716,12320
133964,13121
109548,11515
109471,13155
133965,10685
109473,11500
109938,11584
102986,13580
102986,14821
102984,13579
102984,14361
116175,13977
102978,13697
102982,13767
132644,13791
102979,12516
108827,14519
102988,13156
102981,13768
134152,11399
118140,14335
111354,13191
119834,14334
112260,10431
127157,15082
128695,13942
113955,12598
113956,13752
114062,13754
123329,13753
108139,11286
120257,14665
108140,12015
105460,12224
112564,12007
120723,14276
120724,15337
124620,13079
134145,10486
134144,14770
123271,13277
117263,12404
121244,14831
119870,11738
127703,15206
127703,13632
126011,14014
126011,14013
126011,14012
106817,11196
110966,14788
134326,15289
104465,10716
132592,14481
117570,14350
117582,13135
117581,13137
117593,13136
109455,13420
135256,14009
121550,13138
126330,14057
120212,13381
106736,11059
120213,14058
121551,14056
119683,13133
106735,11058
134241,15077
132847,15058
114541,11688
108487,12544
106886,13202
132177,13930
113847,12188
127337,14218
127335,12624
115105,15182
134756,14716
106469,13759
127553,10340
130322,10618
121807,11629
127552,11017
134758,10628
118964,12728
109051,15374
134757,12684
110133,10023
106468,10932
130323,11080
117451,11601
108617,11218
117450,15052
115878,11329
115004,10957
121378,11697
121379,11698
121380,11699
121381,11700
109327,13602
109328,13603
109329,13604
109330,13605
118758,10177
118759,10178
118760,10179
118761,10180
132783,12886
103617,11703
103617,13458
121303,11981
111947,11917
110371,14623
103669,14781
105966,12080
116291,10762
116730,15418
109951,12897
109946,12896
109948,14706
107835,10139
109950,11492
113476,12895
110797,14707
131638,13231
131636,13169
100353,10429
100352,14998
131635,14888
111864,11929
111864,11895
132171,14974
123367,10344
123368,10345
107665,14434
132941,14439
124951,13839
101970,12583
125916,12041
105329,10291
134018,11817
135360,14007
114047,12364
133231,14882
104232,14035
104233,10684
103408,14685
103408,13999
103408,14686
103406,14125
111878,13539
112587,10639
128939,10640
124437,10268
124437,13705
134714,11764
107288,10267
134717,10270
134717,12852
114534,11608
114534,11287
110572,12853
134716,10269
116328,11270
130965,14704
100305,10055
111811,11557
111811,11558
106009,12988
104862,14460
124532,12989
106010,12959
124398,12000
124398,12001
124398,12330
112526,13380
111810,11201
120687,12412
128156,12543
112139,12468
133110,12469
133111,12470
130017,14054
130017,12471
110345,14885
103476,11537
103309,10527
102880,10466
127036,12861
127794,12862
113162,15345
102021,15346
131436,15157
131345,14860
119098,12997
132348,13966
132348,13967
132346,14991
130640,14737
130640,14326
104672,10746
104673,10747
101024,13360
103859,14098
126696,13751
128460,11513
133942,12575
124318,10281
110754,10458
119716,10634
103914,10635
115259,13412
104372,11882
105745,10911
103409,10539
120038,10274
114580,11898
123288,15353
123250,12650
123309,10195
124886,12883
124886,12884
129375,10300
123113,12178
129382,10540
129381,13821
102314,13063
131870,13192
134858,13201
110563,13902
108437,11381
104293,10698
104291,10699
104291,10697
120120,10484
120120,10655
112100,12534
128405,10579
103637,10580
103638,12393
114355,10578
135148,12394
119632,13077
119633,12553
116210,14875
111418,14876
117268,12711
108749,14386
127320,14215
126999,14163
126999,14168
127021,13512
127021,14171
129904,13786
127001,14164
115107,12377
115107,13511
127005,14170
125304,13925
127009,14162
127011,14169
112751,12032
127002,14165
127002,14166
127002,14167
126788,12031
132558,12255
110870,14606
106449,12721
132559,12334
132557,13960
106451,11625
106450,10556
132561,15278
132560,10279
132560,10501
100862,14807
132389,15066
119720,10846
129804,14605
125023,14604
125023,13866
125057,14454
133983,10733
133983,11776
113190,12736
100037,10009
100037,10732
122618,10565
122622,10551
115647,12459
130474,12103
130474,12104
107213,11685
124023,12893
128144,14424
129608,14526
114314,11598
104311,13679
114185,12250
122669,14369
122668,13678
105291,14092
107027,12205
125463,12611
105749,12203
107025,12204
112401,12122
126271,14806
109822,11571
130733,15080
129839,15213
101737,10933
122444,10560
122442,12306
117758,13940
117757,13941
123041,11035
123041,11033
123041,11034
123042,12601
123042,12603
123042,12602
103032,12604
103032,12605
110418,12606
110418,12573
110418,12572
109919,13972
106797,11318
121031,13267
114643,12774
130659,12762
113770,13667
120442,10789
125580,10742
103189,10743
125579,10744
101347,12761
126375,12154
104128,10413
109828,12519
105174,12788
111694,12787
107090,11119
109912,10867
111693,13599
129713,11943
115739,12474
133454,15286
133457,13623
133457,11509
107436,11174
107436,11273
133461,14572
113641,10119
113641,12142
123587,11606
114268,14703
134301,13067
117163,12342
118135,11628
116971,14929
127975,14329
115734,13162
115734,12962
125589,11935
129789,11900
117099,12687
117100,13021
129601,12131
113602,10414
100895,10138
122732,13541
122769,13532
122777,13540
118905,12135
118905,10590
122810,13550
122810,13545
131774,15019
122770,13551
122776,10415
122755,13549
122757,12975
122757,13690
122757,10137
122771,13543
132789,15335
122811,13544
122506,13490
132788,10416
110652,12739
103386,15395
131479,10662
135179,10813
100212,10816
128332,14389
135178,10812
110513,10814
111441,10815
135334,11991
135334,15117
126773,13485
122473,14339
103746,10615
129110,12057
109615,11521
118581,15114
123476,13272
133967,13275
127554,13274
133966,13273
109720,13498
100946,10151
131656,14939
122876,10028
122873,11710
112131,11672
112134,12540
101929,10277
101817,12789
121440,10067
110621,11414
112185,11903
112185,11949
112185,11947
112187,11902
112187,11948
112191,11952
135317,15432
127128,11068
108904,11069
134672,13084
134261,14074
133266,13083
103306,10526
134260,14075
134673,15230
101342,13443
101132,10430
101131,10910
102695,11256
126553,14085
114134,11009
132280,14371
110792,13170
110792,11720
111521,11839
123779,12766
102459,10401
110724,11711
134582,11590
134582,13070
102569,13069
101118,10166
134579,13653
134577,14812
102570,12028
101367,14698
101368,14699
101371,15273
101372,15274
135014,14846
125547,14078
125546,14593
107072,13289
107366,10641
107442,13290
106334,10992
132064,10275
122657,13519
132627,13899
132067,14538
126688,14096
104436,11045
104436,11046
124718,11587
115771,14795
104437,11586
100598,14065
100597,14064
100447,11845
115287,12407
125889,12406
113785,14580
125798,10182
122557,12193
107354,11609
107351,12194
101140,10223
108119,14199
130033,14641
131463,14863
131469,14851
131470,14864
120548,14069
101919,13139
122085,14313
118542,14314
122849,10828
126099,11842
126098,11876
122841,10829
126256,11841
122842,10090
126095,11875
121354,13319
121354,13318
103165,10499
103209,10500
103170,10475
103169,10498
125676,11791
125670,10660
125671,11789
125673,11790
114439,12267
101745,10250
103303,10525
114438,12268
124811,12800
117607,14418
128522,10248
101687,12498
122042,13417
112578,14973
128059,12568
105126,15424
119639,11745
119926,12186
104986,11005
130674,14750
130791,11140
101884,14351
132968,14338
119914,13104
111299,15235
112913,14874
111472,10664
107069,10663
107069,14940
124895,10665
133909,11585
133910,10136
123821,15192
123821,13334
106513,10781
110127,14223
135044,14151
135044,13569
103222,11051
121487,13332
121488,13333
109437,13284
112634,12014
123954,10874
133345,10125
121410,13324
103077,11838
132270,12292
100006,14252
105647,10894
108396,11957
131186,12847
131186,11918
131186,11958
105085,11691
123822,13286
123823,13285
101586,13712
134486,15313
102043,10323
116490,12297
116491,12298
118275,12880
118276,12881
113416,11974
113418,14971
113418,15412
113420,11975
113419,14970
102139,12799
128993,15000
104809,10505
107328,14896
106325,12741
106325,10057
106325,12743
106325,12742
106325,10056
109816,11570
109816,11569
107329,11154
120092,13134
107327,13533
128608,13006
106794,12226
121992,14588
129964,14631
124747,13496
126694,14883
132692,10185
112244,10186
105163,10542
132691,10184
132691,13660
102825,10461
117988,12686
117987,10188
133044,15086
118339,13106
127535,11831
108051,14653
101363,13502
101365,12416
110786,11718
101386,14110
128261,10962
101388,13997
130739,14512
130739,14111
101387,11522
101387,11523
125526,13958
117239,12709
108154,14772
108154,14771
131001,11551
116485,11550
134804,11549
117627,11788
104824,12949
109201,13586
100070,14443
100070,14444
117835,12737
117857,12808
117857,12801
117857,12824
117850,12821
117669,12826
117669,14649
117864,12819
117847,12803
117859,12814
117840,12779
117871,12825
117843,12812
117845,12778
117845,12807
117845,12738
117873,12817
117870,12802
117846,12809
117855,12818
117831,12777
117861,12822
117851,12823
117550,12827
117274,12813
117429,12811
117863,10403
117829,12034
117854,12816
117838,12820
117860,12806
117875,12659
117875,12815
117875,12810
117865,12805
117849,12804
120870,10264
120871,13384
134496,15393
134491,15392
134491,15314
134494,15391
116936,14761
107394,11712
114651,14187
100386,10069
114652,13546
127137,10456
112366,11985
126435,11526
109662,11531
111428,11830
132405,11829
128975,14471
112533,12688
127517,11573
109853,11574
112530,12002
114689,12309
114687,12308
103465,10313
129692,11054
119329,11052
127998,14895
106730,11053
126266,10802
120969,13281
121124,13282
126620,15210
131016,14964
132062,11110
100300,10376
111498,11355
126621,11508
119367,11439
129159,10571
104170,10954
131015,14105
131015,11356
113603,12136
127174,15209
115206,13710
118742,14081
113215,12831
111536,12005
107588,14677
107588,13180
107589,14678
107589,13181
107154,14234
107154,14236
107155,14235
107155,14237
107592,14681
107593,14682
118099,12495
124190,12494
101176,14274
124106,12353
124105,12352
114401,14684
114401,14683
113854,13469
113854,13470
116895,12636
122297,13452
108098,11279
108096,11278
129502,14564
129500,14563
122403,13471
116899,12191
102067,11277
102067,11276
122300,11370
122300,11371
126343,12627
117195,12703
111196,11798
122463,13484
126278,10878
122441,10877
118316,12192
129431,13453
129429,13835
107573,12235
104482,10703
103981,11960
103980,10648
117375,14024
117376,13003
126045,14021
116590,13831
119134,13004
125119,12340
104037,11424
117373,12725
113347,12113
117081,11211
106111,10947
120277,14470
119725,13938
121126,14601
112896,13630
127198,10183
134060,12382
128485,11807
124825,12383
124825,14662
116050,12529
127713,14293
124286,10402
124282,13701
124285,13732
124292,13734
124193,13731
124289,13733
100918,12371
128282,11398
102287,11932
103643,10589
103643,13833
111479,11925
107506,11186
120387,13176
114925,12258
112081,11934
121300,13750
132350,15411
130422,14029
131852,14410
104524,13859
100487,10025
109736,10024
119568,10955
119579,13066
119828,10071
119571,12682
123830,11713
105905,15027
108757,11393
126649,15024
108759,14748
122367,13461
103057,13676
107660,14000
111590,11849
130688,15029
131409,14856
114339,10601
102848,10600
113237,12100
108056,15028
108287,13340
108010,11260
101658,10236
101662,10234
101657,10233
101489,10210
101488,10235
101655,10211
101490,10237
126480,14472
101798,10259
129001,14473
132223,11476
126889,10258
122705,10172
126136,14383
126136,14384
130807,12088
126138,12089
103316,12662
124954,12663
109846,13094
109844,14951
103890,12310
103891,13795
103892,13882
109843,11599
109845,14721
109842,13881
117289,14751
133768,14752
116677,10799
106524,14370
101438,12185
113171,11732
113844,15064
110644,12665
111344,14900
113170,14899
116567,14466
110438,11982
105119,11733
111345,12664
111345,15408
110268,15194
107769,10141
116569,15407
107841,11225
134883,14186
127912,14578
131357,10352
121484,13331
131358,10353
131358,15436
132851,15059
107727,14196
104434,10714
107725,12873
133169,13726
117248,12764
117248,12396
106328,12763
109508,10793
134041,15030
121450,11546
112327,11977
128354,14404
130735,10568
108405,10567
130294,11008
130096,14652
116821,10769
115857,12491
116825,10518
116825,11451
130098,11258
103494,10558
103493,11452
100065,10016
109571,10768
116823,10770
103265,12029
115152,10767
115155,14910
115155,14909
107162,11130
104851,10790
100421,11308
123449,13616
123451,13618
123454,13619
123455,13615
118385,14540
118385,15118
135116,15387
111309,12332
111309,10472
111318,12531
111317,12530
111312,14280
102390,10388
102390,10282
102377,10283
100732,10121
129238,14870
129238,14548
129409,14547
135328,15433
123435,13614
127341,14219
101696,13369
132815,13613
135331,15048
101695,13367
104432,11203
107821,11204
112686,13816
132588,15016
112688,13815
113711,11212
110834,12674
110834,12673
103453,12678
103456,14700
103455,12675
103455,12677
103455,12676
127777,13989
127773,10785
127775,10783
116394,14905
111446,11835
135310,13172
108979,12589
105438,13261
118950,12448
121357,12449
105351,10863
103376,10838
116176,12012
129422,14549
129421,14579
128406,14408
109439,11494
110311,11641
132587,15012
104625,14954
114044,13810
120615,14261
120613,13216
113979,12237
119242,12218
113159,11172
131330,12501
122424,15074
122424,10811
111703,14830
111702,11865
111702,11866
110042,13421
107747,11209
115279,11242
126135,11633
116076,10383
118238,15384
107880,11632
110481,12927
110388,14891
119686,12928
122434,14660
122434,12670
122434,12671
134995,12937
128348,13073
112230,15350
125392,12938
102818,11043
104754,15050
118536,15049
104088,10659
125050,11238
125050,13950
125050,11237
125049,11992
125049,14723
125048,12066
125048,14409
116547,13661
123315,14587
112669,13164
110974,10346
132116,11232
116193,11652
119544,14463
119544,11545
119544,11350
113652,13659
108237,11725
133577,11727
133577,11726
133577,11728
111370,11729
111370,11730
111371,10754
129704,12645
129704,10755
129704,12646
107811,11723
107811,11724
105404,13771
105405,13772
132755,15033
132756,15034
129210,14510
129211,14511
104807,10777
104808,10778
104803,10775
104804,10776
100050,10012
100051,10013
125196,13904
125196,13906
125197,13905
125197,13907
135261,15422
135262,15423
108486,15359
105918,10245
113699,12158
118173,13108
102234,12157
118170,12983
127250,13109
127029,12717
122869,12984
116157,10247
111890,11800
116156,10246
102232,10367
128271,14379
106201,12478
106201,10963
117389,14438
130301,14241
107944,13737
114798,14591
120344,14592
127719,14240
104515,13462
119868,14089
134415,13408
119866,13409
123678,14091
110875,14144
125910,14090
119867,14088
125087,14005
125089,11011
131899,10433
131899,14004
125088,10582
125088,11010
125090,10434
125090,10583
128106,14405
130253,11020
104836,13432
124396,13757
114694,12313
114694,12314
105152,10837
104058,10442
115500,10998
123523,11031
118056,12854
111228,12421
111228,14729
111227,13788
104993,14491
104993,14490
104218,14492
104220,14495
104219,14494
104219,14493
104219,14496
124911,10570
124911,13832
103745,12635
116851,12759
111785,13556
122898,12610
120569,10199
120567,10207
119185,13011
115908,12500
119187,11385
115756,12502
102279,13718
102279,13719
124187,15340
119394,12201
119395,12503
115640,12504
119396,12202
132562,12970
109062,13555
125902,11161
109060,11331
109060,12969
114048,14156
104659,13645
119378,10080
120064,13130
104657,12925
119380,12097
104952,10804
104952,10805
104693,10749
100683,10116
113195,12899
118214,10885
107032,10952
101900,14925
114013,10869
123472,14769
108202,13707
107892,14768
112645,12016
101256,13656
104996,13655
104171,10672
104175,10671
104175,10670
129841,14613
131577,11775
104166,10673
131575,11773
131575,11774
104184,11458
104174,10669
104163,11459
104165,10676
104165,10674
104165,10675
115345,10508
116174,14052
103197,14053
103197,11397
117331,13766
118664,12413
133980,11280
133980,11281
128087,10058
135341,12109
115354,15331
125775,13978
134722,15342
117978,12842
101334,14621
117321,13336
107493,12044
115532,12447
133463,15167
133463,15153
133435,15160
133539,15177
133539,15168
133464,15148
133464,15149
133466,15161
133466,15150
133473,15164
133542,15178
133426,15152
133426,15151
133469,15166
133469,15165
133470,15176
133470,15163
133538,15162
133432,15154
134871,15360
122406,14190
116535,13472
109484,11504
123943,14191
124977,11737
118200,10546
134470,13851
134958,12913
134458,13398
134462,13850
113016,11707
104406,14101
115077,11884
132312,13178
132318,13177
132318,10820
114806,13744
103555,14381
122798,13548
101290,14880
101289,12095
119704,13103
120002,12397
120002,13704
122151,12145
122151,12146
114849,11813
118372,11651
118111,12745
101040,11719
128785,14452
118371,12303
118371,12302
122150,12143
122150,12144
108955,11423
122152,14437
120001,14102
118226,12905
121087,14068
105155,14935
122480,12740
110064,11361
111997,11665
105159,10873
107947,11096
107947,11094
107947,14967
107947,11095
107948,14969
122523,14968
130894,11852
134832,10584
129436,12562
133612,13729
128811,14456
111399,14497
113923,15256
127599,14285
131067,11543
125117,11293
131069,14286
127600,12091
125806,12936
104395,10712
133193,14255
102574,15107
111804,13248
111573,15170
114995,14933
114997,14934
130669,10700
118634,12180
117549,15111
125523,11413
130666,13934
130666,11939
107137,15112
132441,14996
114526,10750
107138,15113
118955,12978
104531,14946
133858,12840
133858,12841
105331,10859
116479,12211
117901,13323
109657,15372
113787,12179
104620,13699
117035,12175
104706,14656
131182,11429
122901,11014
110659,11850
103446,11016
100169,11015
116732,12280
103792,11012
122903,10066
106760,11621
117140,10039
121285,10549
129177,11013
116736,12279
134566,15322
108608,11373
102499,10411
129179,14782
103442,14392
103445,14390
103439,11561
103449,11687
100168,10943
103789,10410
117517,12752
129181,13043
125122,14391
117889,12828
120168,10550
110664,12689
103440,14785
100373,10065
129174,13042
103450,15300
116734,10919
131947,14354
108039,11267
129180,14783
134353,15299
106475,11189
101680,12262
101679,12261
115264,10095
129449,11578
111009,11170
117432,13637
125283,11577
121826,13923
107424,11171
111010,14414
125284,11576
109390,11489
109383,11202
113643,13478
114311,13477
114507,13476
105121,12361
122568,13501
100117,13338
107479,11182
134331,15292
120621,13219
134330,15291
109458,11497
120620,13217
100116,13337
134332,10329
120622,15290
130565,14727
109459,11874
121337,13355
112803,12039
108549,11364
121926,11847
101921,11643
101922,11846
127916,15341
122497,14867
116386,11644
100492,10091
103606,13884
100400,12173
116271,14915
116271,15303
101046,14914
121315,10197
108423,13537
106306,11113
100703,10617
125803,15379
111109,14532
111107,14079
134633,10562
113249,15224
113248,12339
109671,11259
131990,14955
133543,14962
108347,14961
108349,10935
125508,14956
119565,14959
129932,14960
117560,14958
100957,10934
117558,14957
126370,13200
116146,14231
122806,14002
108780,11224
110467,12617
129131,15338
129130,11324
107684,10967
125055,14049
115495,12433
121873,11936
129129,10968
131571,10708
113188,14688
101358,11241
110248,15095
123336,14099
122165,14730
102317,12546
113001,14192
115141,11596
129058,14950
128772,11795
132023,14949
124569,15320
124570,15321
124575,13787
114605,12632
114980,11131
100996,12618
100997,12619
105004,12248
131886,12166
124495,13822
124494,13824
124493,13823
114500,12251
114499,12274
130216,14978
110456,14979
130131,13557
119903,11739
130214,14045
132415,12518
132415,12517
132708,11658
130359,14701
126510,10007
126510,10006
126174,13571
126490,10280
122383,11200
100239,14622
119585,12346
105933,12888
118324,12892
126550,12889
114403,12890
105934,12891
119587,13984
119587,13985
112177,14290
125732,11434
116777,11433
108907,11854
108624,12389
105494,14292
108623,12388
105493,14291
116776,11432
101332,14289
117391,12387
125733,12386
116331,14003
131322,14834
100244,12101
116333,12102
105204,12098
105203,13382
105205,11244
109103,11122
109102,11123
112475,10451
102812,14732
120150,14037
120172,13608
120140,13607
120153,15246
120171,15245
120152,15247
120173,15249
120139,15248
104568,10726
107482,11363
107482,11362
104570,10727
117963,10502
134893,15365
133040,11984
128602,12460
128846,14462
124789,11230
124790,12489
124790,11627
128845,14461
104548,10379
111172,11794
104546,10446
104549,12216
109573,10445
100881,14399
100876,14398
102911,14400
119110,14395
102465,14402
119363,14396
102901,14401
100879,14397
109078,12295
116900,12294
102637,15128
110565,15124
122930,13643
102635,15126
102639,10643
118912,13561
102638,10642
102636,15127
101910,13316
119713,12979
121036,12061
123160,12062
121035,12060
118547,13562
113901,12206
102935,14468
131702,13504
112736,10043
112731,14650
121935,12830
103888,13035
125268,14569
125267,10630
119303,13036
103886,10631
129093,12090
122216,13391
114913,14181
113983,14180
112830,12043
128315,12042
134348,15296
131417,14858
131417,14859
113707,12160
107904,11243
131418,13862
114298,12254
108455,11351
100033,11482
132841,11271
109070,14983
109058,15200
100277,10369
109059,11978
111652,14449
111651,14295
109677,15368
109675,14352
134997,15378
115455,12423
134287,15285
130077,10074
107463,11179
107599,11207
118420,14033
115187,14032
123295,14201
116873,13890
105871,12951
102441,10252
105873,13892
116871,13891
102439,10400
102439,10397
119301,13034
120647,14277
120648,11454
116384,12579
124503,12301
124503,12300
124504,10958
117530,10959
101098,13445
124509,11240
121498,13335
109920,12607
134216,15272
120100,12533
120100,12283
121570,13111
121361,13343
130071,14467
131781,10072
131780,10507
107961,12242
112554,11931
119105,13542
119105,13000
112046,11930
112556,12784
117699,12264
112555,10503
112555,14036
112552,12006
119103,12999
124442,13399
124448,14879
112898,11650
112898,11163
112898,13673
108513,15329
126337,14059
129198,10068
123874,15328
112793,13932
122870,11667
131316,11670
116459,11668
131317,11669
113849,11671
109767,11548
117504,14093
125576,14987
125561,11472
125558,13962
115584,11945
115585,11946
132504,13188
125366,14380
120855,11409
109024,11402
108798,12527
114512,12276
109029,12128
109010,12526
109018,12528
108860,12129
109025,10391
117419,15006
117405,15005
117399,13876
117361,13875
100334,10059
103125,10493
103125,12945
132910,15071
121039,13568
129620,13648
129620,10661
133099,11091
133100,15283
128221,11879
116679,10105
117090,12259
119947,13110
118785,14046
113191,14044
103591,14047
103130,10638
103131,10494
108601,12176
108601,12177
130991,10215
130991,11681
130989,13860
130989,11861
130989,11050
100278,10052
117604,12760
101819,10260
101819,10261
113167,14645
113167,14646
131531,12496
114481,12273
104321,12536
103583,12212
112232,14778
105499,14719
101249,13247
118927,11553
124719,13803
112694,10435
114601,11740
128445,14413
132522,11306
132743,11612
114536,12278
122171,13437
129949,14630
122174,14749
117069,12683
108364,14930
117018,13303
121238,12666
114742,12322
108365,14931
111624,14624
122493,13071
122493,13072
135067,11372
135069,10510
120332,13097
101084,11915
120331,13167
132574,15010
135072,11916
135068,10509
133764,13387
135070,13254
129531,15284
106467,11128
119976,15009
106613,11030
135071,13385
107160,15011
132973,15081
132678,13419
100141,10035
124182,14733
133903,15228
118128,15189
122198,12538
122197,12537
117305,11961
117302,12321
126885,12317
121857,13388
121785,13375
126812,14657
101408,14333
132510,10489
108879,13330
109145,11450
109147,11464
127908,14848
110840,12345
135090,13959
105452,10870
122056,13418
125034,13535
122991,13536
107385,13565
107383,13564
110601,10765
103779,13566
130708,14758
106931,11297
130711,14759
106930,11088
107127,11121
108562,11366
128041,14337
133813,12290
119442,13053
119437,13008
119439,13054
114613,12305
103883,10293
119908,10294
111084,13538
113004,12679
122487,11969
103986,10649
122489,12035
113005,13183
111283,10553
111285,10555
114091,10552
111282,10554
128545,10216
128548,14422
128547,12846
115773,12155
115774,13633
110502,12957
111914,15184
110505,12958
113079,11556
105657,10450
123274,15367
115842,11899
130127,10449
116120,12133
123717,11706
122905,15169
130859,12786
120196,13152
134029,15250
132946,13297
134031,14071
106647,11036
118642,12944
132143,12902
121266,13993
105559,13992
106119,10948
106120,10926
106154,12229
131170,10241
131180,14828
132297,14988
102124,10339
102125,13778
109555,11081
115595,14942
117750,12792
115379,12417
119209,15205
119209,14062
127255,14206
111152,15204
105719,11176
105719,11177
107639,11205
119299,13033
106953,11090
106953,12857
129618,13702
113284,11301
113290,11105
113290,13206
113290,10208
121452,12210
113288,11264
113289,11300
122919,11314
110307,14429
110308,11313
132305,11315
132303,14430
132302,10176
118524,11824
123695,13650
123694,13649
114187,12245
101458,10205
101444,11226
133953,11676
133952,11674
133954,11673
124537,13654
127621,15252
128761,12691
100665,11886
128764,12693
114701,12985
128701,15306
118378,14428
103675,11136
116342,11987
116342,12574
114729,12690
134033,15251
134811,11354
115528,11247
134143,11248
105314,11135
115201,13480
104665,12316
117395,14419
115374,11887
129233,12641
129233,14518
134036,14894
128762,12692
126249,12638
122479,12639
122479,11988
122479,12640
114294,10826
114294,15307
110507,11563
123682,10164
105380,11704
105380,12615
116812,12628
108945,14916
109697,11533
115884,10100
115881,11881
115882,10101
131867,10564
114947,11747
114948,11970
125652,13971
101152,10135
101163,14385
100884,10170
122468,11473
119190,14822
119193,14823
114404,10124
119194,13939
117157,10015
121329,13050
121331,11330
121462,13160
115523,13161
131307,13145
104743,11456
118972,10575
126010,14281
102612,11274
126008,11275
133263,12077
129226,14516
129184,14517
129187,14515
127671,13620
116136,11026
116137,11027
121732,13370
104562,10724
121731,11709
104557,10725
104566,12256
122974,15373
122962,13260
125801,13047
127504,14258
130246,10626
105700,10908
105487,10627
118893,13048
104325,14990
102007,15040
102008,15041
132706,12234
121102,14702
115171,14786
115171,14787
131711,10965
121397,11694
121396,11693
113867,10303
101998,11591
106207,10964
128609,12075
122286,12074
134889,15385
127442,14245
129681,13610
110157,12621
110154,13356
110997,12535
116091,13357
113073,12085
123184,10319
123185,10320
123186,10321
108283,14364
121261,11796
131070,12446
123050,11554
105715,10909
101031,14717
123048,13769
100509,10533
100509,14094
123051,13255
105714,14359
128250,14446
128730,14447
113663,12151
102084,12068
129543,10399
102120,13049
102130,10338
100712,10118
102083,10333
102099,10337
110314,11642
108716,12348
118570,10165
131213,12512
115859,12492
131212,11142
131207,12513
131214,12515
102414,13827
100312,12514
114840,12338
107415,12756
127203,11114
120510,13912
103291,10512
103230,11357
106274,10985
120964,14211
102356,14212
110843,12444
110844,12445
108178,11418
102394,10389
113582,12134
133187,12123
111505,10262
113491,13983
105249,13376
123379,13377
112455,14892
133344,12067
103905,14084
103905,10633
128184,14784
116721,10343
115191,10586
115192,11405
115172,10585
110903,13840
110904,15023
104698,11822
105665,10896
129863,12704
121015,11802
129861,11857
121016,10980
121012,11801
127298,15063
108541,11360
106617,13820
106616,10467
109299,11479
115641,11478
115641,11477
109300,12872
101542,14498
117352,12720
128584,14431
105684,15014
125424,14709
111211,11804
120329,15015
109661,11994
111213,12953
117354,14507
118747,12954
122858,15354
122858,15013
118750,12955
130568,11284
111444,11808
124832,12384
106287,10053
113876,11532
134226,15275
115224,10953
115223,15070
123596,13638
110696,11453
110698,10577
120467,13193
124548,13782
124549,12918
109836,11572
110447,11655
109838,11654
109835,11406
117798,14347
100329,11401
108789,11400
132977,14628
108402,11344
127665,14346
127499,14440
118474,15201
133718,15203
116364,11505
116364,12576
116364,12577
133716,15202
128095,14349
128094,14348
112332,11980
112332,11164
112332,11979
123180,13588
123181,13589
120769,13240
120769,13242
120770,13241
120770,13243
126784,14119
126784,14121
126784,14372
126784,14374
126784,14123
126785,14120
126785,14122
126785,14373
126785,14375
126785,14124
113831,14117
113832,14118
109138,10404
109138,10860
118846,12780
118842,13001
106498,11959
103820,10623
131478,15414
124066,12631
112592,15413
130167,14275
118914,15092
103808,14478
103808,14477
119820,10875
106488,11346
106488,11347
109046,15039
109046,12767
119827,14982
119827,14980
119827,14981
119825,13233
119825,13232
124160,13456
124160,13455
107298,11144
109531,10409
127597,12593
106143,12362
116566,10521
111773,11511
131738,14904
108925,15032
118827,12967
107300,12731
130585,14148
130585,14147
130585,14146
108569,15181
108570,15179
108570,15180
112985,12070
112985,10990
112985,12069
128357,14406
130180,11220
125845,13994
125846,13995
106234,10969
106235,10970
106236,13687
106237,13688
133200,13685
133201,13686
114970,12356
114971,12357
120911,13693
120912,13694
126040,12696
133121,12965
107220,11137
131578,10156
132264,14986
132262,13194
105041,10819
129656,14583
120482,13195
132266,14582
101649,10231
105965,14948
129591,11064
127538,13973
130808,15090
130968,11894
104278,13313
131400,11682
123431,13312
112726,14924
119069,10380
133020,10202
133021,10203
132876,15084
132877,15085
129900,14562
124390,15193
118408,12429
112547,12765
102521,12525
122512,12428
126674,10428
117127,13528
117812,13529
112157,12427
117129,10427
108219,10426
101777,11445
125019,11303
101778,13865
101778,12652
125074,13099
130920,13577
119989,13937
123070,14108
115988,12400
115989,12401
115987,10561
115986,14353
126902,13735
126848,13434
101925,10276
102011,12644
126903,13736
119283,13024
119289,11588
119286,13028
119285,13023
119265,13030
119288,13022
126920,14722
119258,13032
119258,13026
119291,13029
119272,14342
119282,13031
119280,13027
104391,12033
119281,14172
119267,11210
119270,13025
119270,13020
116059,11772
116059,11771
116061,11769
116061,10046
116061,11770
121153,11345
114163,12239
115382,13051
131952,14365
115381,12341
114162,12837
119420,14842
132226,14871
132227,12238
119421,12878
116401,14421
124906,14427
134817,12344
134816,12343
112295,15185
107056,10181
134638,10073
113583,12115
134637,12365
113661,12150
110452,11657
104189,10679
129383,14541
119652,13080
104386,11889
129387,14394
104192,12087
104191,10680
131500,14868
104384,10709
129385,14393
104385,11888
101712,13074
130104,10806
120075,10917
120078,15116
120673,11474
119248,13019
128713,12597
121564,15026
134622,10921
134623,10650
121574,14423
118721,14705
130250,14794
135228,15410
126700,13775
105763,13211
105762,12885
101986,10301
100475,10086
100475,10087
122271,14316
128168,12934
102222,15046
100623,12935
128199,12227
102221,14233
128164,15045
117994,11647
123141,14833
127506,11646
133483,11648
133583,11645
133402,15186
133484,12240
117792,12844
123140,14832
120701,13227
120702,13228
119748,12864
119748,14343
119749,12865
119749,14344
102288,11851
105235,10788
102294,10787
106807,10204
110384,12580
124717,15145
112720,15229
127358,12420
113465,10444
113463,13509
129585,10443
126065,14619
114780,10920
114251,10652
119891,10436
119891,12647
119892,14638
114225,11460
114225,13531
114225,12681
100909,10653
107636,14869
114415,10610
107634,10609
114411,10608
122913,13292
131698,11160
131056,13612
131056,11159
130421,10771
128904,10523
118438,10644
118436,12916
121449,14450
116746,13345
116013,14451
116013,13896
101861,10351
102788,10468
110257,14382
110261,14567
118967,10042
126461,10760
125947,10491
131728,14903
131338,11743
100554,11742
118585,10455
100552,10528
134440,15310
134445,15311
134443,15312
110460,10645
130933,11812
120999,10696
129561,15221
130908,13996
129564,13889
129562,12036
129562,12037
129560,10646
129560,10647
120108,13836
107774,11216
116714,14179
116714,14917
127072,14178
107772,11214
107772,11215
120107,13837
120107,13838
100915,10144
100915,11529
107775,10143
127074,10089
133971,10398
117370,11696
108339,14070
125100,10823
125101,10822
105068,10827
125097,13302
109684,13283
109684,10113
109685,12111
113335,11092
108476,11353
134068,13922
117647,12769
113968,12956
132594,15017
113967,15018
105148,13936
125355,13935
133086,10126
135307,14039
105078,10044
112540,12004
122420,11814
111732,15330
122723,12432
131929,14011
123852,10425
123849,15223
105688,10898
105688,12183
129922,12182
123381,12181
100344,12441
104397,13508
119563,13065
104994,10810
109040,13575
125864,15104
110113,15171
114139,10529
122588,15351
121897,15352
128802,10752
117207,12040
108754,14205
130632,13559
125833,13968
119794,12325
125838,13969
116531,12592
108256,11311
108243,10115
102403,11826
120189,13147
113606,12634
117589,12757
103923,12909
103927,12910
103926,12455
103926,12454
122234,12456
122236,12911
127840,10140
104746,14819
127842,14820
103267,10594
105459,10519
105459,10593
110328,10495
110326,14455
110327,10701
110332,10496
110330,11376
114882,13107
122092,11178
128447,14432
132482,15020
124998,10174
104787,14520
125328,13928
125327,13927
130035,10031
129811,14642
110759,14907
110559,15242
131756,14908
110758,13346
134511,15316
126236,15101
125690,15102
126195,15103
126178,15099
126238,15100
111032,13721
111030,10687
114135,14489
110582,14692
127512,11656
133210,14260
110451,12084
109973,14529
117220,14528
109972,10871
116882,13446
100503,12230
124333,11607
120052,13534
108048,11269
110095,12867
101452,13395
108830,11410
133151,13086
112299,12275
103159,11799
120584,13256
132443,10801
120747,13234
110597,10149
121162,13294
110241,11638
133003,15083
130689,12613
112404,10983
130690,12614
109649,13728
132233,13727
124629,10856
132956,15075
132957,15076
107760,10092
109570,12479
107317,10093
103838,15426
115926,12505
107941,12073
114832,12335
105603,11325
108254,11310
116817,14288
105605,11805
115928,12506
108190,14890
128172,14889
105606,13329
127193,12072
108192,11299
116819,12127
114834,12336
116818,14287
103426,14836
103429,12402
105421,10779
105308,10780
100545,13038
100544,10102
105212,13037
131120,10441
124559,10440
106425,11115
106430,14936
106422,11125
106422,11124
106477,10880
106427,13853
106427,13854
111684,11860
120535,13855
121722,10588
114066,12439
118883,12440
108022,11262
112680,12024
108345,11327
114063,12437
127677,14279
127677,14278
114065,10879
110640,11705
122082,13422
108024,11263
114064,12438
122083,13423
103709,12049
122872,13578
120448,11007
109167,13945
125432,13949
109211,13214
102828,10463
102828,10462
102828,12744
112748,12903
125482,10048
120755,14224
125987,11544
121366,11873
126082,14026
126287,13948
119777,13096
126083,13947
121368,10175
119779,13095
112951,13239
126084,14025
108488,14328
104649,12571
132072,13374
106627,13763
103973,10848
103971,10847
132581,11999
102873,14112
122157,14999
102876,14116
102871,14113
120290,13955
102870,12398
120291,14150
102872,14114
121761,13804
102868,14115
122069,13617
132163,14972
121628,14441
125030,15001
120183,14020
129028,13040
123521,11183
103534,11806
110304,12541
116857,11618
105045,11575
128387,11337
128387,11335
128387,11333
128387,12430
128388,11338
128388,11336
128388,11334
128388,12431
131517,11341
131517,11339
131518,11342
131518,11340
126347,14063
109770,11041
120320,10620
131335,14847
109769,13365
129915,10375
113729,12796
120656,13223
122491,14027
121771,14246
121772,14247
121773,14248
109001,12172
113160,12174
113160,10844
116626,14893
113487,12121
107118,11120
107120,10018
128525,13463
102398,13809
102857,12545
128527,12791
132397,14994
135249,12511
111502,14617
105227,14618
116878,11057
116878,11056
100779,13010
100780,13717
125396,14336
102161,15268
127326,14756
127325,13039
105977,10357
116945,10359
127328,14813
123492,14616
127327,10358
111924,13606
109915,10356
118071,14615
124554,13784
116258,13785
131627,11377
102175,12046
105575,10902
105576,10903
105259,10906
105260,10907
105255,13325
105256,13326
125757,14159
101729,14158
111436,14157
111437,10249
111871,12253
114528,14943
130634,15336
132007,14947
118551,13014
113702,12596
122382,11295
129589,10657
132534,13466
129588,13182
119139,13465
117735,10572
107846,10573
122195,13440
113820,14445
113820,10255
113820,14442
113820,14501
117661,12442
103080,14533
127503,14257
127748,14299
129630,12381
124877,13723
134198,15271
134186,15270
135222,10524
123810,13664
129767,13122
135221,13663
110033,14597
128187,13624
109254,14857
110211,12020
128414,12019
110184,10868
104467,10717
126876,10421
133891,15226
133891,15227
133891,15146
126877,14256
119188,12524
113035,15207
133397,10536
101882,10272
101882,10271
108116,13301
117424,12734
117425,12735
117507,12750
117613,12749
109542,12948
128606,10876
115867,11321
100711,12851
124997,12782
132021,11619
132746,13680
105848,11864
111192,15054
111192,15053
122584,12233
110334,11637
126027,14017
109730,11542
115168,12370
115088,12385
126475,11517
104250,14559
103992,10225
135270,10224
123108,13596
123221,13594
135350,10004
123110,13595
104632,10899
122447,13479
126482,10711
131072,10710
111086,15003
111303,15004
118627,12163
129323,15119
129324,15120
108168,11288
108169,11289
129771,14598
129772,14599
125650,11234
111135,13956
127944,14327
118195,13741
116983,12660
109316,10619
129622,15047
121386,13321
103802,11296
116985,12661
124313,14530
100362,14600
133509,15173
124780,15172
124781,13808
102666,13953
100310,13230
133815,15218
101491,10212
113201,10047
117180,13692
110705,14228
110704,14227
129472,15216
117123,12609
129471,15215
129473,15217
109824,13442
101699,14502
124331,11983
101698,10240
129707,14590
106625,11032
131199,14829
131585,14881
105632,10893
105632,10891
105632,10892
119539,13062
113345,12112
129006,12030
129006,14474
115977,13858
134599,13328
131767,14817
128429,12372
112151,11349
110196,14411
110196,11624
110196,14412
125165,11352
108327,10218
115092,12374
101549,11623
115091,12373
125166,10387
123529,11594
126942,11592
126940,15287
123527,11593
115450,11158
127270,14311
116554,12281
128399,14189
127795,12107
116595,13451
116516,12486
132831,12198
119101,10371
132829,12159
102133,10341
102511,12197
104086,12998
104084,10658
105536,13742
104493,10720
113706,10417
113706,15051
113706,12164
124928,13888
108358,11078
108358,11077
101482,10209
109467,11498
103228,11117
113745,12169
109468,11499
103227,11116
113746,12170
107086,11118
127861,12829
126565,14086
125721,11762
130135,12351
113691,12943
101025,11446
110070,11167
110070,13358
110070,11168
110070,15125
130426,14708
126143,11443
126143,14034
126220,11442
108137,11285
120986,14728
113816,15212
120984,15211
108930,11065
134009,15243
123820,12987
134645,13991
118482,10457
117151,12695
123537,13629
118480,12922
111089,12729
121941,13401
127188,12986
102723,13407
121145,11343
118038,12849
129666,14586
129666,11379
112290,11968
112288,11967
128125,12730
117663,14804
117663,14803
121907,15389
121905,13392
130543,13917
135134,15390
106504,13017
103565,14584
127190,12848
121250,11022
121939,13400
104866,13918
130784,14766
129665,11466
101614,11079
100303,10054
102503,13344
111297,11038
131085,14811
113349,12114
131084,14810
130538,13706
120862,13253
131086,14724
130539,14725
120863,14808
120863,14809
131444,12287
104109,11778
123039,13576
124641,10392
124410,10393
122289,14853
122290,10316
126711,10460
117467,10459
131648,13436
130817,14673
131647,13435
131644,14886
131646,13963
117512,12950
129892,10569
114445,15434
114445,13467
113064,11926
114362,13203
116252,12559
116250,13296
115975,13123
124025,12977
120909,14080
102532,10419
102533,10420
130054,14647
130055,14648
119646,13078
107443,11175
114131,15144
108952,11422
114129,15143
100121,10030
115367,10713
101839,13055
104972,10807
104972,10809
104967,13258
104971,11462
104971,11461
104969,10808
119525,13120
110499,11679
110499,11680
106654,10694
126404,11019
131742,15415
116504,12590
116561,14789
120996,14207
107889,11239
114121,10821
119155,11195
127067,14887
127067,13677
102085,12093
102086,12092
104242,15072
113471,10715
126016,13168
122112,10737
122113,10738
104674,10881
104675,10882
113495,12125
113496,12126
120299,15425
120299,11736
126061,12702
120697,14818
124902,11039
104832,14824
104833,14825
130984,14356
103994,11744
130982,14355
114107,11029
123664,14368
119627,11635
133546,12926
120586,15305
110787,15304
125473,13354
122392,13306
104888,13926
104885,13454
125309,11993
130858,13805
116762,14710
106503,11484
115501,11485
106502,11483
121045,13268
121045,12223
126373,13982
120709,10330
120710,13315
121074,14690
110536,11684
110538,14568
100120,11148
134047,15257
127456,11028
107632,11896
114762,12324
121696,13774
125227,11897
133476,13911
133479,13910
133479,15244
133475,10251
110734,12901
103400,11777
125488,12319
128022,12510
120557,11440
125487,13291
111822,11823
103258,14850
105775,10913
113093,12086
104690,10748
103256,10516
105777,13830
132545,15007
120782,14805
130153,12065
107814,11219
109074,10504
113932,12209
132014,14953
127863,14607
100101,10027
127864,14608
128775,14210
100100,10857
108033,11266
108033,11265
120398,13179
131665,14932
120040,11890
126795,10929
124946,12051
107227,14741
110011,10930
124942,12050
110009,14742
124943,14744
131918,14740
133894,14743
123939,10854
134845,14550
117592,12758
117177,12697
134134,15358
111438,11834
107553,10079
130582,10918
122184,12461
107194,11133
119873,10757
129525,10795
124411,10257
132459,15147
127725,10796
120905,13257
120904,12457
115642,12995
105900,10289
105900,10287
105900,10288
105895,10284
105895,10285
105898,10286
103438,10290
129909,11229
130589,14544
129814,13714
129516,14565
129910,14537
129910,13715
129912,14213
129812,14755
131361,15222
104488,10296
104488,13783
131365,10295
103578,13265
117657,13266
117656,12879
119885,14760
129142,14500
123427,14726
122094,13424
111856,11390
132026,13425
108583,10751
112597,15057
112597,15056
111378,12981
129342,13762
128398,15394
134250,11141
132668,13944
132667,10385
119621,13943
119623,11815
106752,10384
112345,12669
108046,11003
108045,12668
109599,11519
119690,12293
133098,10148
133098,10147
124829,13813
127603,14799
127604,14776
101145,13383
123173,12347
108841,10171
115420,12199
115477,14765
115547,10480
115471,14330
115546,12263
115540,14106
115543,12569
115535,14360
115470,10517
115534,10474
121181,13295
107643,11206
116341,15108
101514,10213
125923,15279
133207,15109
130083,13098
106046,13207
126739,10563
105937,10938
106042,10937
105782,10923
106048,12021
105940,10936
107110,13749
114237,12132
130472,13725
130473,11021
109959,12472
131831,11589
131617,14884
126692,14097
119198,13584
123129,11502
119196,13013
126274,13590
126274,13591
102863,11503
108744,11392
120841,11501
131616,10677
103741,10614
103512,11024
103512,15159
102520,12835
129649,13669
129648,15417
126998,13339
102519,13668
103739,10613
129304,14574
127148,14575
129305,13449
129302,11430
129302,13450
127149,11431
116403,11891
100166,13271
118422,13814
110992,13547
110989,13846
110988,13845
110990,10406
110278,13848
110991,13847
110980,13843
110279,14687
110979,13842
110978,13841
110986,13844
102486,10407
130140,14658
111483,13041
108764,15253
126631,11760
110902,12355
109701,12354
134913,15254
135181,11759
124321,11437
105525,11837
117417,13444
133736,12626
116048,12497
125917,10452
125920,14627
125919,10454
125918,10453
130830,14775
129749,14403
130265,12013
107918,15282
113410,12153
131621,12232
124387,13657
127844,14332
107863,13349
125955,14632
102487,11037
124393,13914
120746,10547
130244,14415
115894,12755
126316,11132
121751,10173
133006,12079
133006,12078
132921,11973
132924,12563
133009,12658
131350,12564
127589,13585
119608,13068
112972,13722
100148,11173
100146,12612
111763,11878
113951,13857
114393,12265
104728,14675
115108,12378
115108,12243
112399,12244
105277,12395
112398,15297
127509,14259
126827,15382
126827,10424
112741,10317
118518,10194
123561,13913
128000,10986
128005,10987
122332,10739
123557,11323
128002,14508
123556,10152
107134,14840
121685,12208
116424,12582
115228,12642
101469,10206
101470,11228
114480,14989
116404,13114
101397,14913
124452,13112
103261,13113
129231,15255
111420,12167
101398,14912
109064,11441
110649,14143
115936,12509
134383,15325
134383,15326
134383,15302
106829,10108
106969,10651
106319,11291
106827,13818
106827,11249
106830,11066
106973,11292
106970,10201
106970,10109
121413,14050
132961,12980
125643,13970
127668,12698
132959,15078
132962,11883
100772,10129
111957,10128
107318,11150
107318,11152
107318,11151
123687,14506
127083,12855
127082,14711
105112,10833
129220,13244
121912,11023
103774,12900
108318,12549
135320,12550
104645,11604
103966,15317
108320,14008
131795,13683
100292,11605
124949,13457
116281,11089
116282,12565
131381,12643
102376,11047
111194,14238
112004,10982
114591,12291
105540,13980
105535,13675
105537,13979
105538,13981
116314,13674
110001,10866
112381,15067
101654,13488
102188,10865
132905,15068
110782,11717
111416,15344
104306,14523
122877,11880
108567,11367
134192,10858
108568,11368
116070,11803
121588,13348
106342,10994
106344,10995
121587,13347
128866,14464
106345,10049
124295,10541
112938,10123
110496,12231
128910,11493
101148,14459
125996,13093
100231,15267
100233,13092
113563,15106
116970,10544
116969,10543
116965,14357
116964,10545
127120,10916
114868,14185
105830,10915
105011,13709
105013,15396
109072,11227
110222,11631
112126,11938
121808,13379
121808,13378
124897,13829
124897,13828
106767,14061
104795,13460
133714,13459
106845,10956
106846,14966
133989,15241
132134,14777
125106,10973
109269,10974
122863,10972
112479,11997
123979,13797
130760,15087
127734,10961
118347,10960
114330,12117
133524,14283
131806,14282
104424,10370
104424,13428
128686,14505
128682,14504
124421,11862
105104,14015
105103,14016
127984,12968
127807,11904
102276,10200
110898,11307
111475,11905
124419,13761
103005,10629
115253,10017
109309,11480
124836,11127
127390,10864
123782,12672
132229,14976
132229,14975
114804,12047
107221,15188
114805,11872
114805,11871
114484,13644
124147,11111
126776,15234
110199,10360
105655,13609
105029,13929
120309,13681
133303,15130
129797,14603
129795,14602
133330,15129
133330,15134
133329,15131
133329,15137
118282,12882
133322,15132
133307,15139
133307,15136
133307,15140
133305,15135
133323,15133
133312,15138
120184,11470
132035,11942
124568,13259
100424,14539
129344,10622
100261,10002
100346,10062
100016,10061
101394,13689
121649,13361
123503,13622
121652,13359
121419,13362
107724,11184
129091,14485
129088,14487
107496,11185
122681,13523
128828,14484
129087,14486
122689,13522
104577,13475
104581,13474
102970,14922
127608,13105
129039,15238
102224,10364
126822,13600
126282,11582
118777,12350
118777,15237
123345,12349
131626,12011
104686,14965
121645,10596
103748,10324
119119,11634
119119,13002
135132,11998
100902,12010
108108,13806
104689,12966
134551,11365
108111,10325
134928,13411
123676,14284
120503,13198
115037,12399
120959,10851
120958,10849
120960,10850
111139,11786
111139,11787
122003,13413
122006,13317
114418,10222
114422,11855
133935,13304
115051,11919
133213,13431
117487,14152
114367,11579
126789,12507
133627,12196
133627,13128
117486,12508
103128,13352
103486,10557
117490,12328
122149,11384
107809,11447
122148,12490
121817,10075
101924,13430
103559,13351
109142,13350
117488,12748
114368,11448
121524,12359
121525,12360
121530,11971
121531,11972
113440,13811
113441,13812
116428,12584
125789,13513
105903,12694
111507,10979
111506,10978
120698,12220
129844,14614
129759,15190
120458,10159
113779,14873
113776,10160
113776,14264
111342,15002
113781,14262
111340,14067
117515,12751
104459,12410
104455,12409
118302,14676
127432,14244
124061,14458
118297,12411
100836,13525
100836,13672
100848,14040
100834,14872
100834,13671
100854,12392
100846,12390
100835,12391
100837,14041
115375,14253
121030,10381
121025,11290
127900,13307
114261,14296
132335,10817
115852,10818
115851,13118
124072,13695
124072,13696
121861,13390
121861,13389
125765,13064
108152,12713
102475,13885
116248,13495
107017,11101
107018,11107
107015,11100
107013,11106
107013,11109
107012,11108
107012,11086
107020,11087
106579,12269
106567,12271
106484,12270
106590,12168
134212,11765
101245,14417
126288,13127
125325,11767
125315,13552
125317,11753
134207,15421
134205,13126
105489,15419
125573,13553
125314,13554
125313,13713
134208,11702
125318,11755
125318,11754
134213,11766
103352,13124
134210,13125
125326,11752
103351,12475
134204,15420
125575,11768
104921,13975
119175,14077
131138,14272
104916,14126
101830,13908
101832,13909
116941,12768
116943,12480
124181,13007
106050,10307
104240,11828
104238,11827
111516,15236
109361,12380
123624,12379
128084,10232
131825,14920
134284,11690
133791,10667
110881,10666
110880,11964
109082,10763
135109,12726
117438,10681
133016,10081
110492,10033
112391,10032
133017,11146
122341,10034
110683,13320
117043,11302
106081,14911
135253,14816
135253,14815
131966,12586
100007,10000
116448,13703
131516,11191
117044,11332
135252,10001
112651,12017
102110,11906
102113,12018
107526,14625
102116,11138
129925,14626
116369,14661
116371,15327
107717,14130
107717,14129
107717,14131
107698,14139
107719,14128
107710,14132
129442,15121
102822,12120
129443,15122
129443,12462
129443,15123
107715,12118
126319,13372
107712,14140
107712,11309
102966,10478
107713,12973
107699,14136
107714,14134
107709,14137
107709,14138
126318,13371
107253,14552
107252,14551
107708,14133
107705,14141
107375,14135
116065,11535
116064,12485
119056,12993
107515,11187
134783,10302
127742,14362
127743,10477
127407,10476
117218,14639
117218,14640
130443,11909
130443,11914
102425,10394
102425,10395
102425,10396
117217,12707
117217,12708
117217,12706
108417,11908
108417,11907
108415,11912
108415,11911
134323,11913
134323,11910
127447,14251
127447,14249
127447,14250
121288,12685
114562,14018
114559,11375
117600,13166
114558,10168
133354,10758
114287,15258
114283,10187
108114,14082
117648,12770
131194,14022
131196,14023
131196,10548
126522,14083
114017,13716
114019,14545
114019,14546
114020,15308
122336,10219
111265,12705
126890,14043
134975,14038
124366,13249
108627,13874
104339,14577
110628,15174
110628,15175
104338,14941
104338,13100
122247,13101
122247,13102
103340,13220
117110,12027
116300,13221
113811,11378
110375,10377
132434,14995
132215,14753
119519,14927
132217,13076
112902,12058
125222,15089
125033,10297
125040,13869
104654,13730
115327,10097
104653,10298
119517,13056
115328,11686
115328,10704
104245,14926
130684,14754
100521,10740
127315,13916
115084,12369
108353,11328
100522,10741
125221,15088
117357,13075
120559,15375
133249,14358
120789,12776
100827,14145
118380,10692
105315,14055
133751,13190
133754,13189
129831,13426
133752,13405
120085,10855
123620,13640
126391,14072
120392,11153
120084,12148
130193,14671
110051,10130
110436,12539
135039,14720
117566,12649
114708,12318
117565,10078
117568,11040
134234,15276
113708,12161
131847,14697
134533,12600
121140,13300
111347,12054
125480,15093
125479,11468
121311,10242
125481,11580
121313,10243
121313,10244
104399,10759
135231,11326
126377,13199
129476,14483
129331,14570
109313,11488
109312,11481
129545,12467
129477,14558
129477,13691
129477,14536
118427,13642
119766,12214
101635,12915
101632,10227
101632,10226
113964,12215
113964,13641
119764,13091
108326,10040
128343,13489
124329,10682
122641,13514
112416,11989
112416,10951
112416,10950
129139,13520
134903,15369
101934,10214
120079,13132
105049,14928
115740,11000
131973,14232
133498,10999
112740,11495
121950,15266
121949,10309
118804,12960
120177,12992
120178,15025
100917,12991
109689,11304
126912,13154
131275,12578
112091,14557
130725,12189
130725,10611
130725,10888
126911,13263
131274,10940
131279,10939
117688,12367
117688,12366
117688,12368
126914,10612
126914,11188
126914,10019
124677,13518
109694,13807
126209,10889
131273,14849
117690,14312
126201,10621
117683,13517
131281,12190
129328,13581
131674,10736
135333,15191
112443,11990
110338,15240
117212,11746
131672,10735
107361,12887
131752,15096
104737,11231
111304,10221
110999,11816
123338,14388
133852,10566
111102,10831
111102,10830
111397,12746
111398,12747
111386,10133
111385,12304
114910,12376
101127,10167
108722,11387
106239,10971
118501,10304
118503,10305
118503,10306
131407,12249
131407,14695
115009,14694
121725,10145
131677,11859
131677,11858
131677,12667
125795,15055
129015,13269
129017,13410
134426,10966
103662,10597
124020,11552
100817,10581
108035,15155
133917,15156
109764,13288
125505,13287
114196,14345
133812,13393
127783,14304
132862,15060
112704,11213
122390,13621
110449,13468
111243,13394
128448,12656
128452,12657
130795,11084
130795,12655
130795,11083
117368,12723
117368,12724
118557,12929
106854,11070
100265,10482
106851,11071
106851,11075
106848,13175
106848,11073
108084,12463
111691,11863
130931,14790
106856,11072
106856,11074
118994,12566
109133,10230
109133,10229
101253,12594
101253,12595
118864,13792
118859,11180
118860,13794
107852,13793
107936,11251
107935,11250
130573,12331
130572,13631
102147,13974
113193,12096
131201,11062
121968,13406
121968,14718
119804,10088
125469,13951
125469,13952
114553,10991
106691,11042
118875,13652
127625,14273
120491,13196
108298,11320
132842,13146
119743,13090
100619,11678
124714,13802
120794,12282
120793,13651
114554,13954
120493,13197
102167,10348
102167,10349
101576,12333
126428,14076
110306,14838
128495,12908
114458,12184
131815,14109
129200,14509
112579,10314
112580,10315
109415,11465
109420,11933
109419,13773
107547,11555
107546,11426
134156,12976
111170,11425
116931,12727
130198,13163
130198,14672
130197,14376
118740,12952
120714,13229
110218,11630
112422,14377
103514,10559
103516,14513
122955,11811
108976,11428
103619,11810
106924,11085
108974,11427
123859,11809
103618,14514
101448,13505
125977,11954
112998,13044
135141,14309
113990,13045
122929,13560
132696,10636
121947,11198
113680,14268
112715,15288
132232,11199
121948,14651
121946,11197
125478,11562
116205,12551
122596,11369
115290,12408
107180,14229
107177,13765
107608,14944
130780,13880
113513,12130
114844,10318
130777,13879
130781,14149
127738,14298
127738,13448
127738,14297
130086,10984
125174,13898
105617,14945
122593,14612
122593,13506
122593,13507
122593,12866
122593,14323
109863,15220
107181,14230
133849,14814
133849,13897
115646,14324
109042,12451
109042,12458
106839,10872
106839,11067
108886,11412
131445,14861
103988,10624
103988,10625
118129,13309
126971,14161
121308,12773
124356,13746
130145,10479
130145,12266
122016,13414
114915,11098
102976,11097
122018,13415
111972,14051
104822,10782
121371,14664
118540,11436
131058,13864
131058,13863
132079,10070
104028,13790
111970,11920
109259,11867
119560,11921
109206,12288
117968,10327
127373,11463
114577,11797
106008,10326
117967,10328
109207,12289
101669,13919
131323,13625
104509,15061
110685,15062
105217,14963
124374,11695
120760,11836
125157,12560
120758,12561
107854,13611
118012,10292
135158,13141
135159,13140
102318,12222
129593,14576
102319,12221
112546,11565
124465,11568
124465,11567
127092,11566
112543,11564
110272,13567
131296,14843
110055,10800
108247,10405
131405,11953
101780,10254
101780,10253
115502,12434
129553,14902
107732,13558
107732,10299
107733,13598
103807,12422
119668,13931
129740,11818
100691,10117
100691,13634
117057,13314
117057,12680
104724,10925
111335,14780
130611,13796
100694,11518
132986,14779
126506,11944
126502,11156
126504,11316
126505,11157
106604,10745
113683,14835
116363,13210
113115,11617
113085,11666
113085,11833
113117,12982
103766,10728
103251,11962
103238,10515
103243,10464
103760,10514
103242,10616
114334,12257
102750,13521
104755,13708
118629,12941
123133,11093
102623,12939
107331,11155
124785,10098
100768,14919
100768,10127
100770,11408
133424,10761
123134,12904
121121,13278
121121,10096
102622,12940
100769,11407
100769,13016
127620,14363
103489,12105
103490,13222
106935,12140
128486,11714
110769,12139
116153,10273
113905,12207
117548,15397
119422,14767
125594,13964
133109,13052
109552,12493
109625,11516
106683,14746
106683,14747
100871,14745
104691,10895
125510,13957
120055,12082
109535,12099
109537,13873
113061,12083
109536,13946
120056,11512
120056,12081
108026,12722
101741,14294
118257,10110
108848,15349
134237,14184
124695,13799
124695,13798
129976,14635
129977,14636
129972,14633
129973,14634
118448,12919
118449,12920
102657,11819
102658,11820
118231,12868
118232,12869
103734,10632
100766,10322
100765,14585
119549,12116
114366,11840
129268,14527
117299,12714
110818,11758
117307,12715
110816,11757
129269,14521
117306,12716
111017,11722
120728,11976
127223,15233
127224,15231
124627,13174
115746,14985
127225,15232
109451,11496
116957,12931
116955,12930
126640,12038
133000,14797
132996,14798
115436,13901
135184,14457
118680,11832
111979,11922
124339,13743
124351,13745
123578,11435
115388,12701
122021,12699
122021,12700
120192,13149
121267,10193
121267,12990
121267,10192
102514,13305
129052,14482
129052,13148
102512,10418
103615,10111
125609,10311
100613,14921
129520,14566
115236,10310
126080,10522
104938,10723
103864,12623
103862,12622
120367,14317
120366,11374
128598,14320
128598,14321
128598,14319
128597,14318
124312,13209
124312,11438
124312,10368
118442,13573
118442,13572
118440,12917
111201,13738
102840,14525
105590,10883
105591,10884
124624,13404
125755,13976
131377,15094
103721,10606
133145,12894
129765,14596
103723,10060
106347,11844
128580,15309
114544,11741
114544,12165
110106,11610
110104,12213
128950,11649
100581,10107
114089,10191
129079,11169
129079,13780
109125,15065
102385,10190
102384,10190
110292,11253
110295,11254
110694,11252
126532,11217
113681,10797
127855,10798
117280,12552
129549,15073
117281,12337
129548,12712
101186,12914
133372,12003
110702,14225
110703,14226
102169,10350
102169,10753
113607,12137
106722,11134
102449,13647
123058,11076
107270,13204
106007,11006
106857,10154
102448,13646
112302,10832
106417,11049
125625,12753
102786,13464
102786,12570
128337,11626
113360,12522
113360,14263
126473,14202
126473,10220
113984,11082
108146,13262
102216,10363
134736,10764
134738,15343
113819,11965
102336,10382
102217,12187
112279,11966
129389,13563
129389,12971
115824,13965
129196,11457
119920,11640
134597,11221
104942,10803
100718,11848
130108,14654
114699,12315
108656,11382
124449,14378
108705,11383
106858,14216
106858,15428
118184,15429
126024,13987
119107,14217
125134,13988
108183,13986
108183,15098
123513,13740
111779,12581
100422,10076
125084,13720
125042,13834
125042,13877
103587,14305
120383,11856
101692,13225
135248,11257
128529,14182
129631,14594
115780,12484
127480,12219
122670,13582
106370,12877
106370,12876
106377,12874
106377,12875
128375,10928
128374,15298
117234,15416
117234,10045
117234,11885
124965,13849
117232,10927
122204,11870
102748,10005
111721,13441
101682,10239
121310,14042
130272,14325
102118,10103
102117,10104
130119,14522
121210,15362
123652,11708
121212,15364
126698,14243
121211,15363
126699,13151
130992,14802
106459,11018
122272,13447
122273,15376
122273,11004
134986,15377
129496,14198
101546,14800
123100,10470
123099,10471
123099,14801
123099,13310
121994,13057
117941,13493
117941,13494
124681,10469
124681,13059
124262,14222
104638,10534
109127,13058
130714,13396
102896,13397
117940,13491
117940,13492
114357,13311
114357,10535
111218,10378
124404,11636
120165,14923
103136,11510
111074,10198
134880,14203
134880,14204
133563,14435
133563,14436
112175,10942
112176,15183
111047,11731
129452,11620
129454,13205
132359,12633
125360,11923
119958,13116
119958,10347
105693,10901
105692,10900
119959,13117
119957,13115
108123,11283
109107,11245
107915,11246
128665,15356
116914,12637
105956,13748
129312,10944
102190,12307
109718,11539
123804,14387
108587,13662
122225,14841
105345,10861
105346,10862
101869,10265
101870,10266
102249,10373
102250,10374
109710,14095
126536,10845
115969,11261
126539,10094
126541,15035
124394,13756
126540,15036
126538,12053
126537,15037
125794,13322
125793,14426
135363,12994
120303,13165
127575,10792
119075,11715
127574,14270
123013,11868
120302,10791
120304,14269
108409,11560
134537,15319
128411,12542
109430,10228
109428,10308
115203,11615
105090,11614
134026,11616
102997,13159
102997,13158
120528,13142
128175,15402
124006,15401
124006,15400
113022,15403
133998,10497
102162,15399
128200,15405
113024,15404
106701,15406
132084,10949
119806,11661
102254,11662
115874,15301
102999,10836
115020,10835
126571,10690
126571,10691
116449,11255
107386,10688
127297,10689
127297,10931
125191,15427
125191,10112
119086,14826
124084,13698
119084,12225
108680,15339
131960,13861
102756,14553
