activityID,actorID
128809,659
111638,659
135142,659
128396,659
117149,659
121629,659
128395,659
113005,659
117147,659
117148,659
116616,659
103573,279
112866,279
108138,279
120198,279
104056,279
112865,279
127732,279
122527,95
122527,279
133578,279
120147,642
114039,642
116522,642
116361,642
116362,642
114040,642
110891,642
116523,642
104769,642
132017,210
132013,210
131999,210
132028,210
132023,210
132003,210
132016,210
132025,210
132029,210
132015,210
132019,210
132018,210
132012,210
132004,210
132022,210
125753,279
129902,611
129902,611
129900,611
129900,611
129899,611
129899,611
105359,502
128667,502
131288,502
118869,502
125369,19
128691,625
130968,19
125198,279
112976,502
124772,279
123551,625
119063,502
119063,19
119063,279
113232,502
126930,625
119801,502
119629,19
119629,472
119629,502
125371,502
125371,19
104207,502
117615,502
128512,502
117660,502
117659,502
117624,502
117661,502
116824,246
130982,547
130848,547
130848,546
130847,547
114104,297
130845,546
130981,546
130981,547
130849,546
130849,547
130846,546
124905,254
126973,254
126887,254
126945,254
116697,687
110346,687
125045,500
108712,500
121831,312
128187,312
130947,472
109764,687
109761,687
114141,687
114259,687
100053,269
100053,269
125271,269
125271,269
126715,660
125006,269
125006,269
125005,269
125005,269
125009,269
125009,269
125008,269
125008,269
107489,536
121906,103
121907,103
121905,103
121903,103
113568,64
107216,401
112022,401
107217,401
109438,401
101948,37
122787,37
119073,37
105646,37
119075,37
120096,37
119237,37
125909,37
129947,37
111783,205
111783,88
111132,205
111132,223
111132,88
109694,88
109694,205
129733,88
129733,205
121484,205
121484,88
117058,246
114447,49
130919,699
130914,246
130916,699
117059,246
130918,699
130918,246
130915,699
102528,49
102528,246
102532,49
130913,699
130920,699
130917,246
102530,49
111698,565
111698,128
111695,128
111699,565
103167,565
111696,128
116827,565
130592,565
129223,128
130591,565
111697,128
130590,128
127265,659
130375,29
102067,29
111717,29
130379,29
100241,29
105044,29
112853,29
105045,29
112951,29
120772,29
103712,29
121140,415
108451,209
104290,209
104292,209
104291,209
115842,210
121621,210
133060,577
133148,679
113272,687
123402,211
118186,211
132497,211
126963,211
112631,373
104753,34
124100,373
124099,34
115914,373
100553,6
100558,6
100554,6
100561,6
108823,6
134662,701
105212,701
117015,451
117016,451
127827,502
132196,502
117017,451
120627,502
104511,478
133192,478
104510,478
100350,478
101770,478
100348,478
100349,478
128833,478
121929,478
102754,478
121928,478
134804,22
117369,22
119250,373
117701,373
126648,373
126649,373
121722,373
121721,373
121607,373
121720,373
132861,373
104285,373
107541,373
121782,373
116086,373
132860,373
117543,373
131331,587
103161,587
134485,587
119911,587
102570,587
128984,587
131850,302
131849,477
131848,302
114038,477
114038,302
114036,477
114036,302
114037,302
114037,477
134100,695
134104,695
121570,687
133044,687
100042,703
100042,703
134727,703
134727,703
116198,209
132146,373
104294,209
116197,209
130535,302
124020,302
104059,302
113001,302
124021,302
103532,687
129199,211
132798,211
128170,211
132799,211
135134,211
132797,211
133196,211
133195,211
135133,211
118393,211
124839,381
106192,373
126766,373
106077,373
106193,373
106191,373
106194,373
106190,373
106076,373
122080,205
122080,373
134158,502
111989,33
119656,33
111988,33
122668,205
112010,205
119263,205
123557,205
123559,205
112011,205
122667,205
125080,205
121474,205
113752,205
121473,205
119264,205
123558,205
122666,205
132490,205
123556,205
113753,205
132489,205
112012,205
130525,256
104367,256
130526,256
108568,205
105354,176
108569,205
110122,29
120300,29
126983,29
108344,166
108077,170
132763,480
108076,171
108693,357
100106,2
100107,166
108347,166
125293,478
114385,478
105151,478
105153,478
128443,478
114502,478
128557,478
114501,478
115621,478
115622,478
105152,478
118906,478
127629,478
127628,478
131691,561
123774,209
109802,209
109890,209
111537,209
106434,625
118048,209
118044,209
100481,209
119962,209
133945,209
118047,209
119963,209
119964,209
119731,209
119728,209
118045,209
119734,209
111303,209
118234,209
133948,209
111305,209
119727,209
111308,209
118235,209
115546,369
111790,369
120395,631
108104,80
108104,205
108095,80
108095,205
108096,80
108096,205
123094,205
123094,80
123871,253
121628,253
121627,253
130732,253
107060,395
115204,395
115206,122
106783,687
119232,687
101372,687
106786,687
118672,687
112579,687
112061,220
110916,245
110916,220
110915,220
120403,220
126199,655
126588,655
126590,32
134120,655
120948,160
120945,160
120946,618
112502,160
112502,618
120949,618
117116,407
117116,361
117507,361
117503,361
117503,407
117505,407
117117,407
117490,407
117506,407
117485,407
117504,407
117501,407
104694,660
110316,660
128148,660
110315,660
109406,660
109407,660
135048,279
135046,279
117177,660
111689,261
110317,660
104695,660
122936,660
133958,660
135047,279
133957,660
128149,660
111690,235
111690,261
122935,660
121941,660
109405,660
121433,205
121433,85
123828,85
123828,205
119581,85
119581,205
120107,406
120107,205
121687,205
121687,406
120106,205
106705,85
106705,205
120105,205
120105,85
121434,205
121434,85
109730,85
109730,205
106704,85
106704,205
117970,85
117970,205
129723,349
116621,349
119774,349
115833,203
113671,203
118864,268
118864,203
107414,29
132662,29
132663,29
129804,29
134039,29
127266,29
110886,95
114473,373
110494,373
112533,472
116783,373
131994,656
132940,656
108865,155
127179,451
108919,451
107506,155
108866,451
113972,246
134550,123
128900,123
105410,123
134552,123
103851,123
118870,123
117317,123
100537,123
134551,123
104027,123
110084,123
100082,123
134548,123
106438,123
105998,123
130516,123
134786,123
117359,123
119126,123
134549,123
102984,123
117358,123
132648,123
115635,635
108656,635
132588,478
132590,478
132596,478
132593,478
132589,478
132587,478
132592,478
132591,478
132595,478
132594,478
132597,478
132598,478
118225,478
131388,478
132599,478
132602,478
103119,502
129526,692
129527,692
130399,692
133699,692
133698,692
131393,102
131392,102
133211,102
133211,30
133210,102
121307,30
121307,102
131391,102
103648,30
103648,102
115925,196
115074,209
100352,196
113476,196
101314,209
115926,196
115928,196
107863,196
133198,54
133198,54
109698,11
107136,11
132311,11
125590,209
100176,209
100174,209
100175,209
106043,316
100466,440
103056,195
104308,440
115834,581
115834,586
115834,195
102814,586
102814,581
102814,195
127881,195
104307,321
130202,617
130203,617
130204,617
130193,617
130194,617
130195,617
106381,617
106382,617
106383,617
106378,617
106379,617
106380,617
128801,174
120024,174
106582,174
120255,174
128407,174
130179,174
104210,502
133618,502
104211,502
104212,502
103386,502
103386,687
103387,502
133805,502
125726,502
133804,502
103385,502
126640,502
104213,502
101179,502
107236,502
110371,326
125664,373
112165,205
112165,373
125663,373
112167,373
110370,279
123911,533
123911,502
100982,533
100982,625
117028,533
117028,502
117029,533
117029,502
131858,533
131858,502
123909,533
123909,502
100983,625
100983,533
100983,502
100306,196
100305,209
107488,173
108477,209
111499,173
117934,173
108236,173
111501,173
108478,209
108483,209
116586,173
108490,173
108475,173
108653,173
108492,173
105981,34
119143,34
105979,34
132270,690
104837,205
124391,205
124391,34
132271,690
105980,34
124257,34
112465,34
121327,34
112467,34
121686,34
125186,34
126752,34
104838,34
104341,594
107754,594
110623,594
133547,594
104976,594
107305,594
111164,594
100500,594
107304,594
104342,594
110622,594
118525,657
118525,657
102738,657
102738,657
104353,657
104353,657
124831,205
129844,205
110295,205
116381,347
116381,626
103454,626
131478,347
131478,626
131478,81
116382,347
103456,626
103455,626
102858,211
103309,211
102859,211
106861,211
134046,211
103287,211
124494,211
103289,211
134045,211
134047,211
113511,211
131258,373
119004,279
126694,279
119376,373
119376,279
131090,279
131090,373
132723,279
132723,373
114644,373
114644,279
103840,680
103840,680
128292,504
107116,504
119930,504
128295,504
109496,504
124177,504
110051,504
102794,504
103892,504
128294,504
110052,504
112490,504
128022,95
119613,504
103893,504
134364,504
112489,504
115186,38
123196,95
123195,95
101893,35
119933,35
101892,35
134613,21
123109,209
109061,209
122619,209
127545,209
123102,209
101815,209
123131,209
123103,209
123116,209
124745,495
124745,495
124745,478
118192,478
118191,478
129204,478
129211,478
119440,478
108737,180
106970,495
106970,495
129207,478
129210,478
122984,478
129208,478
101891,478
102299,478
111184,478
111184,495
111184,495
129206,478
108736,478
108736,180
122987,478
129209,478
108735,478
122985,478
122986,478
131688,373
121925,373
104269,144
104269,159
104269,159
104266,159
104266,159
108762,159
108762,159
111367,114
116133,472
116134,114
116132,114
105326,114
111368,114
133536,226
133536,449
132607,449
132607,226
132606,226
132606,363
132606,449
122426,502
110860,499
119614,205
119618,205
119617,205
105161,205
119615,205
119616,205
119619,205
115057,324
120893,324
120894,324
115701,330
120892,324
115301,324
111504,498
111420,498
125038,498
129338,29
122490,29
122489,29
103523,29
105339,29
122492,29
122491,29
122493,29
103437,29
130327,620
130328,620
130298,620
108917,340
108917,393
124348,476
123886,34
123886,476
124351,476
127978,34
128391,34
124349,476
127983,34
123887,476
123887,34
129722,476
127979,34
124350,476
123885,476
124347,476
127981,34
109539,34
129498,383
105718,451
119033,451
105716,451
105717,451
116583,451
119032,451
105719,451
113829,451
129665,625
130909,511
112324,511
130744,687
103334,531
103134,531
107636,211
107634,211
100163,211
120334,211
107637,211
113706,211
103170,211
133406,211
101344,211
125432,211
127422,211
113705,211
107635,211
103169,211
120332,211
111586,211
121357,211
117618,211
125434,211
133405,211
101342,211
101343,211
117953,211
125431,211
117954,211
127421,211
100164,211
101345,97
101345,97
101345,211
120333,211
125433,211
124344,211
117619,211
111587,211
125435,211
121356,211
126218,431
108329,169
130267,169
108331,169
127600,169
111313,665
100668,665
104096,209
104096,210
104105,209
104105,210
121740,209
104109,210
104109,209
104100,210
104100,209
104106,209
104106,210
102485,209
102485,210
104103,209
104103,210
124129,502
121872,704
121872,704
110593,630
110593,133
131084,478
131084,132
135061,478
126695,132
126695,478
110286,76
110285,76
110287,76
105586,76
122628,627
123853,627
100889,627
118810,627
109072,82
109072,478
118809,385
122577,627
111520,502
131300,279
116622,279
100073,279
118879,502
132210,502
131299,502
101965,115
104739,115
125635,512
105143,512
106488,512
132576,512
100369,512
125636,512
104705,512
121755,512
132577,512
100370,512
132575,512
126937,512
121593,471
121594,471
119909,471
134972,206
100212,206
100211,206
123355,206
110464,206
111389,206
135123,279
124658,279
107911,413
129319,340
129319,393
122375,340
122375,393
108916,340
108916,393
123192,100
128693,100
104709,100
123189,100
128694,100
123194,100
123191,100
128695,100
128501,100
104710,100
128500,100
123190,100
128696,100
123188,100
123193,100
124887,29
103582,373
128480,373
103339,373
135125,373
103487,373
100942,14
104454,373
128335,373
121008,373
107788,426
121635,426
130392,426
110343,426
110573,426
121323,426
121326,426
107810,426
101521,426
109867,502
109204,502
130715,502
135109,502
107952,502
120266,502
123434,502
117214,502
123435,502
113896,502
125557,126
134389,126
101123,24
102672,542
102672,542
102671,542
102671,542
102669,542
102669,542
102673,542
102673,542
102675,542
102675,542
102743,29
118254,29
111474,29
110742,29
123643,29
125166,29
111472,29
123645,29
111473,29
111471,29
102742,29
102442,29
123644,29
125905,29
102443,29
126512,29
111708,55
134808,373
102797,373
134812,373
100109,205
134816,373
134800,373
110872,373
134631,373
134630,373
134809,373
134811,373
134819,373
134740,205
134814,205
107262,659
107037,659
107335,659
107408,659
107263,659
132445,29
132441,687
132448,687
107054,502
107054,687
111197,502
100446,687
100446,502
111519,502
113135,502
108075,184
108915,184
110745,147
110977,147
110744,147
110976,147
110746,147
110743,147
131289,478
125816,450
103150,63
103141,63
100272,63
103151,63
102917,34
103148,63
103146,34
102393,246
102392,246
115828,331
115828,331
101676,331
101676,331
101675,331
101675,331
122065,209
121915,209
121912,209
111249,227
111249,227
133745,227
133745,227
122017,227
122017,227
111248,227
111248,227
109363,227
109363,227
109365,227
109365,227
112851,227
112851,227
120688,205
101467,205
111296,205
115229,205
109383,205
120689,205
105011,205
105009,205
104453,93
104453,93
104451,93
104451,93
106566,472
123686,111
106483,111
108820,111
120855,113
120855,373
120854,205
124342,488
108801,113
118308,205
124339,488
103202,687
105172,113
105173,113
120856,373
133152,491
120745,491
112572,491
112573,491
123821,491
123819,491
133151,491
121294,491
123820,491
105315,491
101576,179
122969,559
100303,559
132325,434
122084,162
134280,162
134282,162
111157,162
118437,162
103431,162
104627,162
103430,162
114140,162
133096,162
102027,162
108629,162
110918,478
113076,437
111115,437
128441,437
129792,437
121866,437
110889,218
124793,588
128915,588
110888,217
110888,216
130829,217
103376,588
130828,218
130828,217
128914,588
110887,588
110887,216
109912,478
119812,58
119812,57
109911,478
122378,478
118478,379
118478,379
118477,379
118477,379
101380,262
101379,262
128098,27
128098,262
106170,262
101382,27
101382,262
106169,262
130561,262
130561,27
130561,241
101381,262
125720,27
125720,262
128558,262
125380,372
125380,262
125381,372
117150,27
117151,262
116280,447
122133,447
120758,348
120754,348
110470,348
120756,348
103527,75
121336,348
110471,348
120757,348
120752,348
103526,348
116517,348
103528,348
120755,348
107359,129
102997,202
102998,202
103157,202
103216,202
109809,478
104250,478
104379,478
122781,478
104380,478
111378,478
132224,478
132223,478
112474,388
127358,388
112473,388
109804,388
100196,3
126464,20
130838,472
131941,472
131880,472
110917,472
100299,472
121524,472
100297,20
123448,279
111448,472
111448,20
108458,279
114739,279
104147,502
104147,20
126465,20
119272,472
124523,279
124523,20
104361,279
104361,20
128990,279
128991,279
104148,502
104148,20
119609,502
106602,279
106602,20
117617,472
117617,20
131494,502
130837,20
130837,472
126430,472
126430,20
130577,20
113538,472
113539,472
127015,20
130839,472
113034,20
127546,20
127546,472
130576,502
130576,20
115137,20
115137,472
113033,20
104360,20
104360,472
119938,279
115136,472
124025,472
124832,20
118648,279
126337,279
119939,279
117616,279
117616,20
134765,20
134765,279
113153,20
113153,472
120157,20
117612,472
106115,20
106115,502
111648,20
111648,472
111486,20
111486,279
111486,472
112483,472
116218,502
100298,20
118002,507
108601,507
108602,246
108602,507
131606,507
134196,246
134195,507
124053,507
124053,246
124055,246
118004,246
118004,507
118006,246
100187,370
100185,370
118824,370
101707,370
122171,287
102051,61
129328,287
116812,287
113788,287
102052,61
101546,451
134776,451
134777,451
101545,451
105566,205
122334,205
122337,205
122336,205
122335,205
127019,659
128166,367
128165,367
102249,478
129260,478
129259,478
102250,478
129258,478
129261,478
102178,246
102180,246
116118,335
116117,336
116120,335
104479,373
104479,205
104480,373
104474,373
113285,270
113286,270
116679,311
121674,311
125227,311
128763,311
121738,311
117913,311
128762,311
120171,311
106935,311
119622,311
118053,198
118142,198
102272,121
112013,121
103622,121
103622,148
111219,121
133092,315
133092,659
120281,659
114851,659
114852,659
114852,315
112860,659
107473,659
107474,659
121316,659
120279,659
120280,659
121317,659
112863,315
112863,659
114855,659
114272,659
112025,659
130883,659
107475,659
114853,315
114853,659
112862,659
114856,659
112861,659
100488,246
109687,246
107633,95
119468,95
121218,182
125085,182
123691,182
123695,182
110689,182
124674,182
123692,182
105875,182
123694,182
126324,660
126324,95
132042,660
132042,95
128620,660
128620,95
105650,660
105650,95
112142,210
112142,209
101235,210
101235,209
126228,210
126228,209
104907,210
104907,209
126230,210
126230,209
104908,210
104908,209
126229,210
126229,209
102480,210
102480,209
119533,210
119533,209
101234,210
101234,209
109797,456
109795,456
103869,456
122915,456
103870,456
103871,456
103703,456
109794,456
109796,456
118724,456
109793,456
130081,373
100089,210
100089,373
100088,373
128063,373
127808,302
127806,302
127807,302
129546,302
126012,524
109679,524
126013,524
121981,478
102624,478
131387,478
131386,478
101431,478
113760,478
102625,478
114084,478
113780,204
110220,204
101488,340
101488,393
127851,340
127851,393
127852,340
127852,393
108918,340
108918,393
132666,398
132666,398
132665,398
132665,398
107690,398
107690,398
107692,398
107692,398
104413,398
104413,398
104412,398
104412,398
104411,398
104411,398
107688,398
107688,398
107691,398
107691,398
132978,398
132978,398
117159,279
117528,279
106298,279
121488,279
116147,279
109459,279
113724,279
132543,279
121665,279
132544,279
103509,279
121487,279
118096,279
112268,404
121624,404
105992,404
121626,404
105993,404
105993,124
112267,404
121625,404
118914,419
110828,99
124403,209
124941,209
100420,402
100268,402
124234,313
100856,402
120021,402
130764,402
130765,402
128453,509
123317,478
123319,279
123324,279
123324,478
123467,659
118291,659
118289,659
118288,659
118290,659
123780,29
123780,659
134910,659
116505,687
129066,585
121229,585
129068,585
105293,585
104286,585
113171,585
103511,211
127776,211
129716,211
122504,211
103512,211
129715,211
101913,211
105477,211
128152,211
103510,211
129714,211
120737,373
113645,373
109209,373
117141,373
113646,373
117142,373
113647,373
110784,71
103433,48
103432,48
103435,48
127761,104
117723,104
111133,224
111134,224
104832,104
111135,224
135081,224
104833,104
105165,505
119364,506
111206,505
128470,120
128470,505
119363,505
115367,505
119362,505
119362,120
105582,505
130721,505
119359,505
119359,120
111207,505
111207,120
121228,505
109516,120
109516,505
111208,505
119361,505
119361,120
106706,505
104494,505
109518,506
105558,505
109727,120
109727,505
119357,505
109515,120
103234,505
103234,120
103234,506
108898,505
108898,120
109519,505
103014,505
109514,120
109514,505
119358,505
118145,505
118145,120
123248,505
116423,345
113611,284
105581,687
103356,196
103354,196
101811,472
129462,601
113979,279
106810,279
113097,264
131152,264
131151,264
113096,264
131153,264
113095,264
107860,502
107709,502
106030,29
106029,29
101616,29
112066,29
117788,29
106028,29
131113,29
131115,29
105880,29
105880,26
105880,26
119419,29
131112,29
106031,29
131116,29
101615,26
101615,26
119420,29
110380,29
112067,29
101614,29
102434,29
128183,621
103856,621
112173,621
128468,621
128467,621
119373,377
104729,378
119374,377
106286,377
119372,378
102800,377
119375,377
106287,377
118440,377
118441,377
112606,603
112606,603
112607,603
112607,603
112607,604
112423,604
112423,603
112423,603
131933,604
131931,603
131931,603
111721,603
111721,603
131932,604
131932,603
131932,603
120329,29
102793,445
102793,445
102793,29
126664,29
120328,29
110816,29
126662,445
126662,445
126662,29
120327,29
126663,29
130756,29
111320,29
118568,29
103789,29
124779,29
111321,29
130933,29
129531,29
116842,29
116841,29
112208,29
111441,29
124835,29
124780,29
107748,687
105375,687
107746,687
105376,687
105377,687
113688,687
107550,687
107747,687
125760,209
101880,209
125761,209
101109,209
101110,209
122736,544
122736,564
113633,564
117239,564
118078,564
122739,564
124440,564
112868,564
113634,564
113635,564
119840,564
102219,564
113632,564
105889,564
118080,544
118080,564
116080,564
122737,564
124439,564
126870,564
118076,544
118907,564
118907,544
119841,564
126872,544
117238,564
117238,544
118077,564
122740,544
119839,564
119839,544
105890,564
101704,564
112869,564
101703,564
133537,564
102217,564
102218,564
126871,564
126871,544
128108,478
127333,478
115678,478
123460,478
114637,279
107905,279
113839,279
113464,279
117518,279
123082,279
130128,279
121578,279
123872,421
118472,421
116038,421
132110,421
122585,421
102816,421
123546,421
122085,421
123873,421
110825,246
110412,421
116037,421
120608,421
119763,421
123545,421
130078,295
130078,502
114079,502
104814,502
104815,687
104815,502
118281,502
104812,687
104812,502
134805,502
134806,502
118279,502
130079,502
107326,502
107326,687
118280,502
111649,502
124255,279
104813,502
130080,502
128127,502
126307,571
126307,446
109350,446
104034,571
104034,446
129654,571
129654,446
122126,446
104697,229
116121,327
128851,229
124565,229
116123,327
133716,229
116125,229
116124,229
116122,229
120461,545
120461,325
113274,325
123389,545
110510,325
133847,545
133847,325
123392,325
120462,545
113275,325
123965,325
134204,325
134077,545
123964,545
123964,325
123967,325
111181,196
104196,350
104198,350
104199,350
130645,360
130645,360
117080,360
117080,360
112966,360
112966,360
112964,360
112964,360
128244,302
104225,302
123784,302
123783,302
123782,302
116089,302
101395,28
115682,687
109974,687
131672,210
131672,29
131672,373
131594,29
131594,373
131594,210
131673,29
131673,373
110814,29
110814,373
125090,373
125090,210
125090,29
125091,210
105623,209
104637,209
119683,205
100681,205
100680,205
120863,205
133360,205
133361,205
126885,625
126884,625
100778,625
100779,625
118120,373
105299,373
123340,502
130612,502
108158,502
108158,501
132531,502
132531,501
107854,502
107854,501
130611,501
130611,502
114658,501
114658,502
103683,502
121343,502
121343,501
131797,502
108157,502
108157,501
123237,502
123237,501
123341,502
107857,502
107857,501
114657,502
114657,501
107856,502
107856,501
112584,502
121342,502
105369,502
107853,501
101250,502
114286,502
108154,502
107855,501
107855,502
108156,501
108156,502
120551,501
120551,502
103682,502
111945,502
104971,502
123616,502
106185,501
106185,502
116388,501
134696,502
123238,502
107241,66
115272,66
133781,472
108057,472
108058,472
123703,472
117223,196
117228,196
117230,196
132187,196
132189,196
132078,196
132186,196
117232,196
123702,196
101863,302
101864,464
101865,302
134335,302
101861,302
134334,302
134337,302
101862,302
101862,464
134336,302
115150,29
105552,29
105554,29
105555,29
105553,29
105551,29
115149,29
115151,29
105550,29
103263,67
103261,67
111772,95
128132,502
132131,659
116576,687
116577,687
127762,687
116578,687
103463,687
103464,687
131236,687
123752,462
110063,462
124052,373
124052,462
117734,462
103171,462
121083,462
111049,462
122352,462
114592,462
114592,373
116666,29
134292,279
110014,472
107907,34
107908,34
123654,34
123655,34
103459,34
123653,34
107909,34
100584,34
122394,34
122949,34
101697,34
130716,34
126949,34
134626,34
117030,34
131761,649
131761,399
131761,400
131760,399
131760,649
131760,474
112797,649
112998,399
104899,649
129265,399
129264,399
129264,649
102526,373
121075,209
102525,373
119071,373
129001,279
113893,36
103466,74
113894,74
113894,36
103467,36
101914,36
101914,74
116399,343
113888,343
104681,84
104552,84
104134,84
104682,84
104684,84
104685,84
104596,84
112767,84
104597,84
108930,185
116713,451
103768,451
123366,560
135011,508
135009,508
103318,508
135010,508
135012,508
135008,508
102678,660
108805,660
102679,660
102680,660
115193,322
106118,502
109341,502
109142,502
109883,502
109330,502
109329,502
109356,502
109342,502
109357,502
106119,502
115156,502
109359,502
119652,502
117542,502
106120,502
109339,502
109338,502
118649,502
109141,502
115155,502
117540,502
111604,502
119651,502
109340,502
109358,502
113578,300
113578,305
113579,300
114436,304
114436,305
118102,672
114246,300
114246,305
114439,305
114439,672
122307,672
118105,300
113580,300
118103,304
111636,672
114438,672
114437,304
114247,300
107447,563
100114,563
127765,563
100117,563
127767,563
127766,563
111513,563
109410,191
121222,373
121490,373
121223,373
121224,373
121225,373
120782,31
130578,31
130579,31
112823,31
120781,31
107211,436
121801,436
121800,436
111532,436
121802,436
127163,436
101906,436
124870,373
124871,373
124872,373
101421,373
101422,373
101423,373
120523,373
120524,373
120525,373
101498,373
101499,373
101500,373
101424,373
101425,373
101426,373
101043,451
101296,451
101044,451
123009,459
123008,459
116193,459
134186,459
116194,459
101041,459
123005,459
123007,459
116195,459
123006,112
123006,459
116192,112
118826,387
116969,110
121349,110
134426,107
131504,107
106337,107
100700,107
103766,107
131687,107
111057,107
126297,107
134427,107
106336,107
126041,107
126296,107
128318,279
128318,373
119384,373
125032,279
125032,373
131347,279
131347,373
105694,279
105694,373
100443,373
109146,123
126369,123
126368,123
124120,481
134401,34
133347,34
133349,34
134400,34
108303,34
108304,34
133139,34
133348,34
133651,34
103797,34
108305,34
122199,34
109916,34
125362,34
125363,34
119463,34
129758,34
129759,34
129760,34
125361,34
117468,34
117469,34
100952,34
101465,34
117466,34
117467,34
110395,34
108204,167
127209,478
112618,516
124611,675
124613,675
122039,205
109473,205
110548,589
110548,589
114747,589
114747,589
114499,29
114500,29
130858,205
100293,205
118302,205
100294,205
132748,205
118303,205
132753,205
122665,205
132749,205
100295,205
132752,205
134617,205
134618,205
111409,205
111410,205
104978,151
128834,478
128834,153
128836,153
128836,478
128835,478
134756,478
103440,153
103440,478
105324,95
113342,433
119118,433
113343,433
113346,433
119117,433
113345,433
119116,433
129958,279
129958,490
129958,490
119798,279
119798,490
119798,490
130182,279
130182,490
130182,490
132233,279
132233,490
132233,490
132234,279
132234,490
132234,490
115906,279
115906,490
115906,490
130183,279
130183,490
130183,490
126024,123
126023,123
122867,123
125396,123
109241,123
120979,123
115408,123
128599,123
122254,123
116634,123
130515,123
102416,123
126022,123
113039,123
135132,407
106511,407
106512,407
111333,407
106386,407
132724,407
111334,407
135106,373
126073,373
134905,373
134906,373
113407,373
100113,373
126072,373
132716,215
114804,314
126393,373
126393,205
104880,205
104877,408
119485,408
108859,687
116690,687
108858,687
102772,53
113136,392
113136,392
105035,392
105035,392
104957,502
106230,502
104956,502
106231,502
127994,568
107157,660
107154,660
107156,660
103929,660
127140,660
103930,660
121703,660
126768,95
107449,660
135005,660
134528,205
116514,205
128676,582
121367,582
108667,43
116815,43
108166,502
108165,502
119610,687
122525,687
113658,608
113658,608
101767,608
101767,608
126732,246
126731,246
113080,209
112672,340
112672,457
112667,340
112667,457
112673,340
112673,457
112675,340
112675,457
100180,340
100180,457
112677,340
112677,457
112668,340
112668,457
112670,340
112670,457
112671,340
112671,457
112674,340
112674,457
112676,340
112676,457
112669,340
112669,457
121809,244
121809,29
108781,244
108781,29
121810,29
121810,243
121810,244
125123,243
103864,243
103865,243
103866,243
121812,29
121812,244
116164,489
121250,489
116166,489
116165,489
116457,489
127477,489
103181,489
116167,489
116163,489
121702,489
121249,489
127478,489
112768,209
128150,209
112769,209
134348,209
134347,209
101881,209
128151,209
113620,209
131238,279
102782,279
102783,279
114232,279
131237,279
105949,279
114720,279
134205,696
118635,382
124629,382
102342,502
109022,502
133546,502
128998,502
128996,502
107264,502
100276,502
102221,502
100697,502
100698,502
128997,502
109011,373
108291,373
116843,688
111603,688
105362,302
120995,302
120992,302
120994,302
120996,302
105363,302
120993,302
105361,302
131318,302
124065,205
118322,205
118324,205
124063,205
118320,205
118323,205
115116,205
115117,205
125993,205
118325,205
120454,502
109270,502
123710,502
120455,502
109269,502
107800,502
103125,502
103689,502
105841,371
118645,371
105842,371
105843,371
124995,371
116784,371
116785,371
100498,478
100499,478
117302,478
115719,478
101097,674
124363,674
124369,674
121384,152
103380,68
121387,428
121350,428
121393,428
121362,428
121450,428
121396,428
121389,428
112495,252
111993,252
112492,252
124303,259
124303,259
112837,47
112837,659
110337,47
110337,659
123740,47
123740,659
108468,47
108468,659
126181,47
126181,659
107444,47
107444,659
100383,47
100383,659
107339,47
107339,659
112836,47
112836,659
114957,668
103369,668
112732,668
103371,668
114959,668
103370,668
114958,668
122741,668
110436,668
109719,373
117412,373
115830,410
115830,410
132319,410
132319,410
116070,178
116070,178
114767,178
114767,178
131659,178
131659,178
116071,178
116071,178
114766,178
114766,178
103805,638
103806,638
113367,638
113366,638
103807,638
113365,638
113370,638
113368,638
112855,523
112855,523
107938,523
107938,523
120207,502
120208,502
120205,502
120206,502
120203,502
120204,502
125221,214
123600,205
123605,205
123602,205
123603,205
103579,205
123604,205
123601,205
133747,205
117330,373
100701,644
104296,644
104299,644
110687,644
104298,87
104298,644
104298,248
100702,644
112175,248
112175,644
134975,644
104295,248
104295,644
125515,644
112683,208
105470,207
130351,654
112682,208
112682,207
129775,208
112681,208
105469,207
123826,623
130458,207
123827,623
111496,502
111495,502
111497,502
109314,502
111494,502
105945,146
124578,146
123230,146
115221,29
128279,29
112633,29
102569,29
126828,29
113962,29
105188,29
114533,29
110861,29
132293,29
132922,29
128280,29
114532,29
126829,29
132923,29
128278,29
126830,29
132924,29
105187,29
112635,29
105186,29
112634,29
112636,29
114469,444
122045,444
129777,444
122048,444
133004,444
130475,444
114674,549
116932,549
127759,549
123455,549
125420,549
121123,549
114672,549
114673,549
129627,472
129627,549
129751,549
114675,549
129628,472
129628,549
108318,549
124422,196
108792,196
111571,196
119202,196
108678,196
119201,196
120265,196
124419,196
108791,196
133534,196
117110,196
117111,196
124420,196
111572,196
113459,196
100407,502
116830,502
108186,210
108398,210
114868,209
117216,127
112186,127
117213,127
102256,127
117494,127
118858,700
134504,700
115846,502
112988,502
125259,502
125259,503
115848,502
132328,687
134448,687
134448,502
115847,502
103461,95
109578,95
113935,534
103758,279
107091,373
130530,373
126928,373
108144,373
130531,373
106900,373
108143,373
106898,373
130533,373
128647,373
106902,373
130532,373
106901,373
130649,373
107092,373
107093,373
106899,373
107251,373
107094,373
126927,373
108517,373
112874,373
127879,373
126726,373
108527,373
112560,373
114543,373
112556,209
112559,373
112561,373
112557,209
124247,323
107950,323
132974,323
124248,323
115698,414
115698,540
113613,414
118167,442
118167,414
118167,540
118168,540
105695,414
105695,540
115699,414
123437,414
110143,197
110143,394
109947,197
109948,394
109133,502
130769,502
109136,502
101765,502
101765,687
121309,502
132499,502
110453,502
110450,502
110454,573
101761,502
111862,502
133735,502
121310,502
130770,502
104282,502
106269,502
121308,502
104522,502
132179,502
127649,502
132180,502
108885,205
127664,205
103809,205
108886,205
103810,205
103811,205
114108,557
114105,557
114106,557
128701,558
128700,558
121799,12
121799,13
117856,13
104662,12
118548,12
118548,13
118547,12
131961,13
118262,13
106089,455
106255,455
122385,455
132893,455
106090,455
125410,455
132892,455
118287,92
104421,92
107649,92
104420,92
102315,92
131002,628
115496,163
115497,163
115499,163
107910,163
115495,163
114815,163
115500,163
115523,163
109508,163
109510,163
115494,163
106922,373
129446,29
129447,29
123977,29
100971,302
129445,29
103754,29
108335,302
108337,29
127674,302
110681,302
127670,302
113222,502
113229,502
113220,502
113220,279
121339,502
113228,502
113225,502
118349,502
116309,502
121338,502
123479,502
113230,502
124556,117
113221,502
128951,502
113226,502
113227,502
113223,502
113224,502
117182,502
134964,145
124668,396
124666,396
126182,209
102019,302
102021,686
118296,302
102054,686
118295,302
132667,34
123607,34
127462,502
127463,502
127465,502
130429,34
129323,34
129323,527
127916,34
100662,34
109245,527
109245,34
111870,34
128534,527
128534,34
128533,34
133936,34
133936,527
118284,34
130420,34
130537,34
103654,34
103654,527
108439,527
116264,527
133140,527
114659,34
117864,34
134603,34
133834,502
133835,502
111545,527
111545,34
133836,502
117237,34
134605,527
134605,34
108438,527
115458,34
132405,34
133937,527
120976,527
105286,502
107174,502
134013,34
133935,34
100663,34
104642,34
114632,34
117304,34
125904,527
125904,34
115304,34
129063,527
108440,527
129064,527
126364,34
129322,34
107864,34
107864,527
110458,527
110458,34
112335,34
130421,34
132235,34
132235,527
115254,34
127464,502
133837,502
126097,527
130608,527
122350,527
116919,527
108155,527
132668,34
114229,527
114229,34
105040,527
105040,34
100664,34
100664,527
106330,502
119760,502
106331,502
116726,502
116727,502
124330,502
108895,502
124334,502
104033,502
118372,502
100482,502
116725,502
101537,502
104032,502
124332,502
109648,502
109649,502
124333,502
119576,502
124331,502
116728,502
100483,502
116729,502
118371,502
107588,29
131686,29
131684,29
131682,29
131685,29
103522,29
107587,29
131683,29
114126,502
108756,502
134188,502
114014,502
108757,502
108755,502
114015,502
114127,502
122341,513
101692,513
119098,390
114336,390
119097,390
119100,390
117071,358
117070,359
116402,359
100055,1
100055,358
128129,234
121215,234
116569,502
112156,302
122795,302
112157,302
113775,302
107936,302
118878,302
103574,302
108264,302
112746,302
125289,302
112747,302
107935,302
119369,590
128944,590
129056,373
129016,373
129017,373
129015,373
129057,373
129014,373
129018,373
129058,373
104542,96
122824,373
109604,583
109604,583
109607,583
109607,583
130365,502
132557,511
103520,511
117545,511
131548,511
130633,59
129035,59
127282,373
127283,373
116950,373
116674,200
110104,200
118854,622
130317,622
122921,502
130321,502
105685,502
105686,502
132307,502
106272,502
132306,502
101026,502
130322,502
125120,502
122920,502
122919,502
108565,502
132309,502
100506,502
132308,502
118885,502
100507,502
132973,502
101623,502
122922,502
127560,502
105684,502
118584,502
122918,502
110265,536
131763,536
118908,536
118909,536
109229,34
115782,536
108530,536
109230,34
131028,536
131963,536
134474,536
126001,536
131036,536
126005,536
126003,536
123741,536
110569,536
112973,536
114733,302
103128,302
118543,302
100061,302
120109,302
103126,302
100062,302
103127,302
121805,257
112816,257
125755,257
125755,518
112817,257
112817,518
131900,257
112815,257
102284,518
129541,257
121846,257
121846,518
107289,518
120401,412
120398,412
120399,412
106245,134
119432,18
105539,18
119433,18
105534,18
102341,18
110974,246
125239,130
125240,130
110801,130
110801,472
110802,130
110802,472
110795,472
110795,130
110796,472
110796,130
118896,130
118897,130
125237,130
125238,130
111204,501
111202,501
113515,501
128999,501
115594,501
113516,501
111203,501
100964,501
104175,501
113517,501
118081,501
115596,501
115595,501
132996,246
111463,246
133149,502
112906,502
133150,502
112905,502
116504,687
105637,95
132547,676
119356,676
106569,143
106570,143
104085,34
119303,34
119355,427
125137,427
106849,143
109252,279
129960,116
127946,567
124547,567
127947,567
124548,567
130391,567
109787,230
101836,478
101837,478
101833,478
101830,478
101834,478
107498,205
120823,205
117539,205
120824,205
117537,205
117538,205
107340,519
107340,519
107340,210
107340,29
133801,210
112068,210
118815,210
118815,29
127469,29
127469,210
135001,29
130444,29
134933,210
121351,29
134931,210
122857,210
107341,29
129724,210
112717,210
106603,29
124343,210
129726,210
106604,29
106605,29
129725,210
134932,210
131297,373
131298,373
127407,373
129994,614
102749,666
129989,615
129989,599
129993,614
119028,614
129991,599
129995,599
129990,614
129321,614
120446,302
120445,302
119716,502
118093,303
109479,302
120135,302
132481,302
100703,373
127655,452
131987,452
122564,452
114114,452
100625,502
117911,502
100626,502
117910,502
130410,17
130409,17
108525,16
130007,29
130016,29
130014,29
130013,29
130017,29
130006,29
118497,29
130009,29
116894,29
116895,29
100160,29
116143,29
100159,29
130008,29
130015,29
130003,29
130004,29
130018,29
130010,29
125697,502
125698,502
114902,502
114903,502
106204,502
106205,502
106206,502
106207,502
114663,502
114664,502
120805,502
120806,502
125699,502
125700,502
114900,502
109006,502
114901,502
109007,502
120803,502
120804,502
114665,502
114666,502
125701,502
125702,502
106200,502
106201,502
106202,502
106203,502
114898,502
114899,502
130046,502
130047,502
125892,137
106326,502
134762,79
134762,78
132485,478
107183,502
107185,502
120564,137
120564,502
110062,502
128090,137
107184,137
107184,502
116310,29
129753,29
116311,29
129037,502
130794,210
131220,634
103366,94
131221,634
112180,94
102319,689
132829,529
132830,530
132833,529
132834,530
132491,529
132492,530
132831,529
132832,530
132691,529
132692,530
125615,205
134983,205
119848,205
107567,205
123896,205
107566,205
134982,205
119847,205
132873,205
107568,205
126388,205
134984,205
121475,205
126651,205
134980,205
126650,205
123897,205
126389,205
125616,205
103029,275
103029,275
125485,275
125485,275
125486,275
125486,275
125487,275
125487,275
103027,275
103027,275
103253,211
103256,211
101942,211
132964,211
101941,211
103251,211
103257,211
103254,211
130067,211
103252,211
124988,607
129727,607
117041,607
124249,607
133501,607
118314,607
115419,607
118313,607
112488,607
102505,607
119906,607
124250,607
133337,607
119671,607
108176,607
124987,607
118315,607
119907,607
122383,607
115418,607
113394,607
126518,607
116044,607
127076,607
105611,607
119908,607
100826,607
113393,607
102506,607
116043,607
103268,607
117719,607
112101,607
115417,607
117042,607
122384,607
117718,607
105612,607
126519,607
133164,607
103267,607
108175,607
119670,607
102408,607
131780,29
104846,29
120359,29
104847,29
102047,29
104845,29
119509,29
119885,645
119884,645
119083,645
119084,645
104810,645
129757,34
126747,34
126765,373
125662,279
126764,373
119182,279
132292,279
102317,569
122807,108
124765,108
125321,302
123416,239
123416,239
123416,240
110145,239
110145,239
110145,240
133384,239
133384,239
133384,240
112237,239
112237,239
112237,240
101215,239
101215,239
101215,240
123417,239
123417,239
123417,240
131355,239
131355,239
131355,240
105607,209
100878,373
123979,373
118984,210
118984,373
118983,373
123980,373
109942,373
118982,373
123981,373
116532,373
114972,373
110517,373
113793,373
110518,373
110550,373
125638,373
113794,373
104931,373
110516,373
109195,373
119153,526
119154,526
128546,526
121447,526
128547,526
114510,209
117377,209
106444,346
106444,251
135019,205
135019,346
128034,8
102206,246
100622,8
100619,246
128035,8
128035,246
128002,246
124657,514
124657,514
106195,514
106195,514
106195,515
128755,514
128755,514
128755,515
106197,514
106197,514
106196,515
127240,514
127240,514
125406,514
125406,514
128754,515
128754,514
128754,514
105207,451
117949,451
102276,451
106776,210
106776,373
129771,193
122410,478
106410,478
114710,205
105857,205
114712,205
114711,205
119787,687
114160,687
117991,165
121334,373
121334,478
116665,478
132863,478
129867,422
131031,478
126435,423
126435,478
131295,373
132862,478
126434,478
129866,373
129866,478
115936,478
115936,373
128598,373
102771,373
101847,209
129408,373
126691,373
129815,373
110208,29
114244,302
114243,302
118306,187
118306,376
118305,487
118305,376
118305,187
126304,246
118304,376
118304,187
118304,246
118304,375
120120,659
134019,478
120003,279
109599,279
120001,279
110946,279
100910,95
107734,279
120890,329
112875,329
105082,329
105081,329
115644,329
115642,329
115645,329
120889,329
120887,329
115643,329
133772,301
133773,301
129762,610
126604,610
129766,610
129764,610
129765,610
124959,279
105041,279
117716,279
124957,279
125303,157
108433,157
125302,157
118893,157
108431,157
108432,157
122499,502
110741,502
122498,502
107757,502
131568,502
113903,502
118675,502
130995,502
107758,502
119020,502
122497,502
123138,613
105094,502
107759,687
131566,502
119021,502
130996,502
132410,502
132411,502
119022,687
119022,502
101921,502
113902,502
132412,502
106270,502
113904,502
131567,502
132409,502
113905,502
113906,502
132895,643
125301,643
132897,643
135099,643
126062,643
112953,643
126063,643
110892,643
112952,643
105052,502
100206,502
108348,502
112481,502
112482,502
122595,502
126767,502
111681,502
116225,502
119560,502
104606,502
133106,502
133105,502
134215,502
122291,502
111218,502
134216,502
111682,502
134399,502
122594,502
115421,502
116226,502
105051,502
112480,502
105050,502
118511,502
133104,502
102049,40
102048,39
129663,39
133380,39
131747,39
131747,40
125846,40
123719,119
123719,119
123717,119
123717,119
105922,119
105922,119
112839,639
112838,639
112840,639
105658,192
113727,192
129551,192
122329,199
122330,199
110025,199
110024,199
104375,302
122468,89
103756,302
122469,302
115879,332
119828,502
134493,502
134497,502
123284,502
134498,502
134489,502
121769,302
126170,302
122458,302
107461,302
121770,302
106389,598
125691,373
126863,29
127679,373
127677,373
124259,373
127728,373
127678,373
100895,373
124258,373
124260,373
127680,373
130976,373
135085,502
130567,502
135084,502
117453,502
127531,282
127531,282
113562,282
113562,282
110275,282
110275,282
113563,282
113563,282
131821,282
131821,282
112388,353
112380,353
112370,353
134173,353
134163,353
112373,353
134183,353
134181,353
112206,353
113557,605
128959,502
110140,502
110141,502
108418,502
134305,517
134306,364
117274,364
114753,659
100364,659
114070,659
121397,659
121398,659
107089,659
114752,659
121400,659
121399,659
114691,501
114691,502
131046,373
131046,210
100502,373
108005,479
108004,479
128466,458
134449,458
120473,458
118368,458
103233,458
132960,458
119632,625
103138,458
109929,458
131502,625
129544,458
119554,458
100546,458
112244,458
119553,458
131543,458
104001,458
112243,458
100427,458
102191,458
128465,458
109244,458
103137,458
106309,458
131544,458
113806,458
128446,458
103139,458
111155,625
129545,458
128641,458
127495,458
122973,458
115143,458
120474,458
120784,625
109672,458
128672,458
123465,502
132660,502
116562,502
118356,502
120728,502
108047,502
116561,502
108046,502
108045,502
132261,502
104898,502
127339,502
112031,502
116563,502
129315,625
129315,502
112029,502
100934,502
112030,502
132659,502
112345,205
106236,205
130513,468
130513,469
130513,470
130513,470
105328,205
100435,460
109600,460
123199,460
106967,460
128182,460
132772,196
129203,196
116239,566
116238,566
122201,373
116301,341
122178,341
128289,341
120862,341
118466,341
109046,209
118465,341
115884,660
115884,309
100543,660
104840,660
120885,660
120885,309
100542,660
112196,660
101958,660
105185,660
104839,660
104839,309
112321,660
112321,309
112320,660
112320,309
106399,283
106399,135
106399,135
106399,131
106399,131
121604,283
123842,135
123842,135
123842,283
123842,131
123842,131
106395,283
106395,131
106395,131
107052,131
107052,131
107052,283
106400,283
106400,131
106400,131
106319,131
106319,131
106319,135
106319,135
106319,283
106392,131
106392,131
106392,283
106321,131
106321,131
106321,135
106321,135
106321,283
106320,135
106320,135
106320,131
106320,131
106320,283
106447,136
106397,283
106397,131
106397,131
106396,283
106396,131
106396,131
106396,135
106396,135
106393,283
106393,131
106393,131
106393,135
106393,135
111634,283
105476,283
106398,283
106398,135
106398,135
106398,131
106398,131
120425,283
120425,131
120425,131
120425,135
120425,135
106391,283
106322,131
106322,131
106322,135
106322,135
106322,283
106390,283
106390,131
106390,131
106390,135
106390,135
121603,283
109355,283
106324,283
106324,131
106324,131
106324,135
106324,135
106323,135
106323,135
106323,283
106323,131
106323,131
130660,205
131312,205
100228,205
131311,205
122860,205
118807,205
117434,205
118806,205
118805,205
122859,205
122858,205
100229,205
117433,205
126778,247
108932,247
117895,247
106963,247
105471,247
102808,189
121319,260
104077,260
104079,260
125934,29
126133,29
113166,98
113167,98
113167,154
113162,154
102847,478
102853,478
102846,478
102849,478
102856,212
102856,212
102856,478
102850,478
115140,478
102854,478
123506,478
102852,478
102848,478
100523,205
110439,205
108879,205
116337,205
116335,342
128859,205
119222,205
100521,205
133468,205
100522,205
118706,205
116336,205
108878,205
123388,502
107622,502
103513,502
103513,687
128736,502
122353,502
104503,687
104503,502
116770,502
129656,502
125197,502
105018,502
131798,502
124921,502
124921,687
125196,502
116040,502
105019,502
109806,502
114264,502
133376,502
104756,502
124920,502
105017,502
102053,302
111975,302
109721,95
115703,95
131156,95
131157,95
109720,95
114006,209
119451,209
113572,629
118607,209
113663,629
112575,209
115507,629
113573,629
134794,629
134794,209
124240,629
110756,629
111776,629
121647,279
106617,279
121648,279
106618,279
121649,279
106619,279
106804,279
106805,279
106806,279
103998,373
103997,373
116546,373
122786,373
105729,373
132266,593
132266,593
135041,660
135041,279
115889,660
115889,279
120776,607
100775,607
124049,607
100776,607
100777,607
124048,607
120777,607
120376,232
120376,232
120377,380
112539,86
112538,86
111871,95
105854,221
105855,221
105853,221
102159,221
105667,424
105668,425
121313,424
121314,425
105546,424
105547,425
105232,424
110359,424
105233,425
110360,425
105228,424
105229,425
105416,424
105417,425
105544,424
105545,425
111983,551
119138,551
109102,551
111820,551
127162,551
109103,551
101386,551
113959,373
118456,285
118456,5
131551,285
107953,5
107953,285
107954,285
118454,285
131553,285
131553,5
131550,285
107957,285
124019,285
118457,285
119108,654
107956,285
107958,285
101087,10
101087,10
111709,10
111709,10
129416,373
129418,664
132351,664
103782,279
112707,0
117569,0
133678,671
133678,671
132278,659
130636,659
108307,659
103045,659
128774,659
104075,659
132281,659
132279,659
132282,659
128775,659
132280,659
132283,659
104074,659
128773,659
135014,279
103281,279
123675,279
123682,279
129594,279
135013,279
123681,279
103214,373
134307,373
100624,373
100623,373
116340,373
134308,373
112926,373
132127,373
131211,373
110162,373
110163,373
128252,373
121477,373
130731,373
122331,373
122333,373
101839,478
101843,478
101842,478
101841,478
101838,478
101840,478
114308,502
126099,502
126098,502
112758,443
124856,443
132561,443
101723,443
132563,443
110284,443
122694,443
110411,443
132562,443
109933,373
108592,233
108592,685
133425,233
133425,685
104233,233
100821,685
100821,233
128600,233
104231,233
117492,233
104228,233
118397,233
108593,233
108593,685
115115,233
129198,334
135063,334
116061,334
116062,334
103970,334
129196,334
135140,373
122978,373
123091,373
122979,373
135137,373
100021,373
100166,373
123090,373
123088,373
135138,373
135141,373
122980,373
123089,373
100022,373
100130,373
135139,373
117081,373
122317,478
104609,478
104608,478
122316,478
129148,205
129149,205
116687,205
116688,205
134472,205
134473,205
103849,205
103850,205
133922,205
133923,205
108122,205
108123,205
108124,205
110895,205
108125,205
110896,205
133920,205
133921,205
124005,373
124174,373
129123,373
133099,373
129124,373
112051,373
117093,279
100023,279
122092,687
101687,279
101689,279
129533,279
129534,279
106595,279
125982,279
131405,279
106594,279
110459,279
113282,279
113283,279
129805,405
129805,502
110374,405
110374,502
128837,279
111445,42
111447,42
115168,411
115168,411
109841,411
109841,411
109842,411
109842,411
113971,293
113970,411
113970,411
109845,411
109845,411
109843,411
109843,411
105342,411
105342,411
105343,411
105343,411
112366,411
112366,411
105344,411
105344,411
121622,432
121622,432
125679,432
125679,432
128718,432
128718,432
128719,7
128719,196
103556,196
100617,7
128838,432
128838,432
128838,196
124633,432
124633,432
125681,432
125681,432
100000,432
100000,432
100000,196
129961,196
108799,196
118545,432
118545,432
125680,432
125680,432
112666,196
126877,432
126877,432
126877,196
120871,205
102715,687
108881,660
121055,660
106780,279
106780,660
100121,660
106782,660
106779,660
106781,660
121056,660
102223,279
111040,77
103586,77
111039,77
108624,472
130366,472
112804,472
121850,472
121135,77
103587,77
130606,472
130606,473
130607,472
130607,473
109173,279
126403,373
109936,373
109935,373
124559,373
123898,373
124558,373
110907,219
110906,219
110908,219
133633,691
133633,691
110905,219
120748,279
130905,279
130361,279
120750,279
107110,279
127969,279
120751,279
107112,279
107111,279
130723,555
107441,555
107439,555
103344,246
103345,246
103439,451
107438,555
105266,502
122161,502
122910,502
122911,502
124500,502
122166,502
124269,502
124499,502
125384,391
117376,391
126555,535
126555,435
126556,435
125383,391
125383,435
117374,435
117375,435
117373,391
107478,435
125382,435
131444,641
131444,641
126065,373
113585,612
113584,612
109443,595
119399,595
127816,595
116695,595
106580,595
114392,595
128989,595
127818,595
119400,595
116174,29
116175,29
116172,29
121074,29
120798,29
114922,138
114922,138
114921,138
114921,138
106339,138
106339,138
106338,138
106338,138
128894,29
128895,29
128896,29
128897,29
128898,29
128899,29
133168,271
127232,279
114087,296
132198,687
114760,687
118071,687
119502,373
117516,368
112024,687
104219,29
126154,510
126154,525
104089,525
126153,525
126149,520
126149,510
100670,677
100670,525
120585,418
120585,525
120585,510
125581,525
125581,510
110477,525
104238,525
104238,510
104237,525
117499,525
120825,525
120826,525
120826,510
125913,525
117106,525
126009,510
126009,525
104092,525
126151,525
125912,525
104094,525
104094,510
104240,525
104239,525
126010,525
117498,520
104093,510
104093,525
125914,525
126011,525
120587,525
130969,525
125582,525
125915,525
120827,525
104090,525
126148,525
126148,520
125911,525
120586,525
126150,525
126007,525
126006,525
120828,525
126152,525
126152,510
126008,510
126008,520
130597,502
130598,502
128576,502
128577,502
128578,502
128578,389
128579,502
128579,389
132689,502
132690,502
114401,502
114402,502
102188,451
103357,548
128397,548
128390,548
132554,548
122011,667
132537,667
122013,667
132538,667
122012,667
122014,667
112406,478
111515,478
104863,478
125162,478
125164,478
125165,478
107231,478
104861,478
103916,344
103917,344
111855,409
111855,46
111855,46
114209,409
114209,46
114209,46
127391,409
123375,409
124074,409
116638,409
116638,46
116638,46
123097,409
123097,46
123097,46
127392,409
123374,409
101655,409
100963,409
111854,409
111854,46
111854,46
127390,409
105827,409
105827,46
105827,46
125895,210
101478,210
130176,501
112551,501
106422,501
120931,373
126216,553
105901,190
120600,190
127991,267
118549,267
118549,158
103379,267
109568,580
131838,650
131838,651
131873,650
131835,650
131836,650
113873,651
131852,650
131401,650
131861,651
113508,281
113509,281
130269,172
130268,172
133693,339
107192,339
124805,550
110849,550
123802,485
123803,485
123804,485
123804,484
123806,475
123805,485
123805,484
123801,485
106351,606
133926,373
133924,373
133925,373
134640,373
134641,373
134639,373
129262,373
117089,373
117089,210
117500,373
128980,373
111238,373
117090,373
117160,373
115771,373
134638,373
117088,373
111237,373
133929,373
133928,373
115908,373
133927,373
111388,373
122220,373
133640,660
108880,660
120305,660
133639,660
107416,660
105418,660
109374,570
110754,570
107823,570
110753,570
114021,570
102933,600
102933,600
127811,600
127811,600
112604,600
112604,600
129453,600
129453,600
102934,600
102934,600
105870,69
105865,69
105868,70
103417,70
105869,70
106310,373
120364,373
123251,373
113323,373
113322,373
134481,373
134480,373
106311,373
104467,687
131186,687
107973,246
123617,156
107974,156
120744,156
124475,279
124475,373
124477,279
124476,279
124476,373
124478,279
106181,279
111778,687
111804,687
111392,687
111807,687
111777,687
118400,687
111577,687
111805,687
131843,687
111327,584
111327,584
117519,228
111328,228
111329,228
129171,228
124288,228
129170,584
129170,584
100215,584
100215,584
100215,228
100213,4
102182,194
102182,194
102181,194
102181,194
100614,194
100614,194
134044,640
131437,194
131437,194
106851,194
106851,194
111050,194
111050,194
119051,194
119051,194
104490,194
104490,194
133662,209
115350,319
115350,320
115405,320
115405,319
115395,319
115407,320
115407,319
115469,319
115469,320
115478,320
115478,319
115477,320
115477,319
115351,319
115351,320
115401,320
115401,319
115475,319
115475,320
115346,319
115346,320
115399,319
115476,319
115348,319
115470,319
115470,320
115398,320
115398,319
115473,319
115473,320
115402,320
115402,319
115406,319
115404,319
115465,320
115465,319
115481,319
115481,320
115472,319
115472,320
115400,319
115479,319
115397,320
115468,319
115347,319
115467,319
115464,319
115464,320
115474,319
115474,320
115482,319
115352,319
115349,320
115396,319
127475,211
119454,211
118439,211
119455,211
126641,211
119453,211
118438,211
105400,211
101508,306
106697,307
134901,306
130187,687
106249,478
105329,609
105329,609
119510,609
119510,609
121790,532
124285,532
111700,532
129525,472
132248,662
132239,661
122822,502
122822,683
104209,683
104209,502
122821,502
122821,683
128502,397
128502,397
128503,299
128503,397
128503,397
114162,299
108990,299
108990,397
108990,397
108989,299
114163,299
114163,397
114163,397
114164,397
114164,397
104203,373
105459,373
111511,279
111511,660
103491,279
103491,660
106492,279
106492,660
106491,279
106491,660
111510,279
111510,660
102504,279
102504,660
129478,279
129478,660
123697,279
123697,660
126839,279
126839,660
129477,279
129477,660
121439,279
121439,660
126841,279
126841,660
106927,279
106927,660
102503,279
102503,660
106926,279
106926,660
127399,356
116977,356
116324,90
100165,356
127400,356
112938,356
111434,502
111413,29
112985,502
110851,502
109650,502
112984,502
112983,502
110852,502
114867,502
107292,502
109652,502
114866,502
109651,502
107291,502
110120,502
108502,502
124182,502
118866,502
117325,502
134937,502
129387,502
125464,562
125465,562
127743,562
127744,562
127719,44
127726,44
115976,373
115969,373
127709,44
127708,44
115971,373
113347,554
124244,486
103877,486
124797,486
124245,486
121472,684
102198,684
115547,684
115712,211
124133,211
115713,211
120636,29
132733,687
100148,541
100150,541
127047,292
127046,292
123481,574
123481,574
123481,29
130290,29
106928,29
130291,574
130291,574
130291,29
106929,29
112793,29
125579,29
114327,373
114327,205
105140,502
131310,502
110954,502
105139,502
111737,502
101547,502
112680,502
104661,430
104661,429
115157,429
115157,430
121377,429
116836,430
116836,429
104995,502
123765,205
123764,205
123766,205
110598,205
115860,205
109016,205
109016,83
108287,83
108287,205
110599,205
110600,205
131419,205
131418,205
131417,205
117790,205
115859,205
116392,205
129712,274
134380,697
134379,697
106797,274
126926,210
123502,210
116647,279
115773,109
104385,95
128796,109
134671,279
114994,109
107131,109
107316,625
122051,472
103943,45
116205,45
117845,45
103944,45
131614,45
117844,45
131205,624
131205,624
115486,624
115486,624
131203,624
131203,624
131206,624
131206,624
131202,624
131202,624
124847,205
111566,209
117932,373
134506,373
117931,373
130265,619
116539,205
116538,205
104284,29
129100,29
115612,125
115612,125
102902,478
123709,478
122748,125
122748,125
110404,687
113385,478
129102,29
133509,478
104283,29
129101,29
119224,687
119224,478
102903,478
126776,29
103342,279
128697,279
128698,279
124156,279
112288,279
105809,29
129650,29
105813,29
126374,29
105814,29
105812,29
129649,29
126373,29
105810,29
105811,29
126375,29
105808,29
111707,29
121596,29
130139,497
105525,497
130136,478
130136,497
130142,497
130140,497
105800,118
100218,265
107631,95
107632,95
100950,23
114102,373
118458,373
118458,210
122578,210
130853,373
117728,210
113341,373
114265,373
123777,373
133672,373
121972,373
120786,416
118361,205
118544,205
120718,416
120718,417
118359,205
120785,416
115960,196
107188,196
104447,196
112812,196
115959,196
104448,196
105346,373
114985,625
105001,236
128968,236
105004,420
105003,236
105002,236
111694,237
111694,237
122939,538
120200,538
126658,538
134908,539
134908,538
101885,539
101885,538
101884,538
101884,539
126657,538
108106,687
100665,687
100666,687
100017,687
130220,687
107495,279
121843,466
121843,467
121843,467
109246,288
100640,288
100641,288
107988,288
133316,288
115126,288
133319,288
129173,288
111010,288
111010,502
111007,288
111008,288
100347,687
100440,687
135067,266
135067,266
135068,266
135068,266
119139,659
119142,660
119142,659
119140,660
119140,659
128336,454
111042,454
111044,454
101559,454
109222,290
104558,290
104556,290
101932,502
101931,502
101930,502
101929,502
127447,209
122446,50
126666,50
122094,50
123213,50
128074,50
134923,374
129605,374
119025,652
120138,652
107833,652
121530,652
134924,374
114508,308
123282,461
123280,461
123281,461
123279,461
112417,502
126554,502
112821,502
112821,687
121865,502
134721,502
127753,502
134722,502
121864,502
127634,502
100039,175
100039,502
109547,502
132615,502
109545,502
134917,373
126157,373
124604,298
124602,298
114355,317
114715,317
119159,660
119161,511
119161,373
119161,29
119161,659
119161,302
119161,205
114982,373
102845,511
102845,373
102845,29
102845,659
102845,302
102845,205
119158,511
119158,373
119158,29
119158,659
119158,302
119158,205
119158,660
114980,373
119162,511
119162,373
119162,29
119162,659
119162,302
119162,205
119157,511
119157,373
119157,29
119157,659
119157,302
119157,205
114981,373
121179,373
125550,511
125550,373
125550,29
125550,659
125550,302
125550,205
120641,511
120641,373
120641,29
120641,659
120641,302
120641,205
126476,502
126477,502
132426,502
132427,502
121413,502
112259,502
121414,502
112260,502
113378,279
113379,279
121415,502
121416,502
121401,502
121402,502
122582,451
133458,502
129587,502
133457,502
104567,211
104570,211
126498,211
104565,211
104569,211
102565,211
100325,211
116072,211
104568,211
104566,211
111000,502
104438,205
127273,205
107468,205
127272,205
128660,687
123923,205
102312,478
124997,478
116500,478
112800,478
124998,478
116501,478
121134,478
102311,478
121133,478
102310,478
128952,478
123711,478
106233,373
126548,373
127574,373
126549,373
128706,373
114196,373
127573,373
116170,73
126669,73
101265,73
116169,73
118808,687
118808,502
130959,502
127457,502
127667,502
127458,502
121773,502
121772,502
126667,687
131452,502
123524,502
111923,502
111925,502
111924,502
126769,502
118214,502
118213,502
111922,502
105162,669
116856,669
125852,669
102925,439
102925,669
132568,669
132568,186
125851,669
132569,669
115710,687
115709,687
113717,687
104136,687
102346,687
120193,687
104139,687
105061,687
111727,687
111728,687
116929,502
112731,502
125589,502
129877,502
125588,502
134902,502
120811,211
126268,211
101589,211
120808,211
120814,211
125937,211
125938,211
101588,211
101587,211
126265,211
101586,211
101584,211
135045,373
130960,373
100007,373
101813,373
131336,373
100008,373
129266,687
107492,687
116291,91
107664,478
106217,373
120625,373
121962,373
111781,373
115856,373
115728,373
112323,373
115987,373
100799,373
118965,660
118965,302
118965,29
118962,660
118962,302
118962,29
118963,660
118963,302
118963,29
107483,660
107483,302
107483,29
118961,660
118961,302
118961,29
118964,660
118964,302
118964,29
127247,209
133160,188
133160,681
133159,188
133159,492
133159,681
124621,681
124621,188
124621,246
124621,492
114223,597
114639,597
120385,682
131017,682
134634,682
131416,496
113951,496
106073,496
113952,496
124037,496
113954,496
105730,496
113953,496
113955,496
134206,496
128611,373
116145,34
126734,34
124575,34
131070,687
108720,177
108581,177
108721,177
105677,673
105677,658
101195,658
105676,673
105681,658
105682,658
105683,658
102568,72
117986,636
100824,636
100823,636
113380,276
113381,277
103881,209
103876,209
134784,209
119980,478
119981,478
123487,478
123148,478
132958,478
120284,478
107290,478
123147,478
130019,478
130020,478
103913,478
103912,478
110003,9
101270,453
101270,453
123787,453
123787,453
120210,453
120210,453
101271,453
101271,453
112096,521
134833,521
134833,522
130352,522
112097,521
134835,521
134835,522
134834,521
134834,225
112152,521
117474,373
101009,373
109989,373
129951,373
109988,373
117473,373
132290,149
132288,149
132289,149
111744,238
113528,579
118154,579
115690,579
113044,579
113043,579
105311,579
121072,579
104376,231
104377,231
108803,231
111542,231
132250,231
111543,231
109203,161
109203,231
134168,231
130438,231
117321,365
108912,286
108912,183
108910,286
108911,286
108909,286
133873,286
133873,183
129305,633
129305,633
129308,633
129308,633
129160,633
129160,633
109265,633
109265,633
109319,633
109319,633
109264,633
109264,633
109320,633
109320,633
101995,633
101995,633
128903,633
128903,633
129306,633
129306,633
123882,633
123882,633
129307,633
129307,633
129161,633
129161,633
100618,502
110827,502
120336,502
105862,502
102222,502
110826,502
122387,502
105357,41
128006,41
128178,502
122369,502
109785,502
124190,502
114541,502
133803,502
113257,502
113258,687
113258,502
100884,502
128180,502
113256,502
122512,502
122513,502
114161,502
128179,502
132503,502
132272,211
132273,211
132274,211
132276,211
117985,211
103368,211
134697,373
134663,373
128376,373
120064,373
119974,373
119975,373
105022,106
111650,106
109629,373
109629,210
108850,373
134718,373
134525,373
113672,373
127901,373
108849,373
133145,373
114192,659
133604,659
133603,659
132314,659
104718,101
110758,101
110833,205
121824,205
110835,205
110834,205
121823,205
102002,205
118702,210
118609,210
118703,210
118608,210
100911,502
111316,502
120072,502
118953,502
120073,502
126564,493
116191,659
116191,493
110291,493
109165,493
135112,493
120041,493
117125,659
119030,493
108190,493
117126,493
125340,493
118618,702
106755,702
106756,702
118619,702
132432,29
132434,29
132435,29
110214,29
132430,29
132433,29
123206,373
133654,29
133657,29
133656,29
133655,29
133658,29
133653,29
103524,29
111347,249
117390,249
111348,366
114579,366
111339,249
111338,249
112277,249
111336,249
100819,249
111343,249
112279,249
111346,249
112275,249
111337,250
111337,249
111344,249
111335,249
114580,249
130027,249
112278,249
111340,249
111340,250
111341,250
112276,249
131499,511
131498,511
131500,511
131497,511
131496,511
101219,511
122592,511
122593,511
119602,511
128846,637
120950,637
100800,637
128844,637
128847,637
128845,637
100814,29
131655,648
132681,373
125076,373
132126,373
113978,373
113977,373
132125,373
124817,373
109938,302
122260,302
109939,302
114714,302
122261,302
123342,302
122262,302
109940,302
110399,302
122259,150
114713,302
101409,302
116902,373
106027,373
131415,373
121852,578
103647,373
106630,142
130396,60
115120,663
102133,663
100161,663
128137,663
128140,663
128139,663
102132,663
108987,663
128141,663
108986,663
128138,663
120226,663
119640,279
119641,279
106662,279
121176,483
114390,483
110256,483
129032,502
129031,502
129031,537
129033,502
129030,502
112520,502
112523,502
112521,502
112522,537
109031,537
109031,502
107516,222
109370,229
109167,386
107515,222
116845,302
114824,302
130023,465
130021,465
103017,592
103016,592
103018,592
103015,591
129304,448
112647,255
133627,255
128049,255
133625,255
128045,255
128047,632
128044,632
133624,201
112786,255
131141,255
131141,632
131208,632
133628,255
133628,632
128046,255
106893,242
129368,209
101441,209
118307,209
118035,34
118035,338
118035,338
109211,62
111661,62
108818,502
103733,502
103732,502
128181,502
123076,502
104135,279
103731,502
108819,502
111662,502
111239,502
120325,373
122488,373
119458,29
111921,29
119457,29
119456,29
119459,29
115875,302
126436,302
114224,302
123757,263
105211,502
122320,291
104485,291
104485,502
115632,65
116998,670
132202,670
133502,670
117461,65
132693,65
115633,65
103165,65
116048,65
123214,65
105191,502
120651,502
120650,502
120652,502
127009,502
120649,502
103541,528
131811,502
127010,502
103540,502
120653,502
120654,502
111419,502
120647,502
120648,528
120648,502
101524,29
117731,29
112487,29
130556,29
124324,29
124325,29
108499,29
109623,29
126934,29
126935,29
113907,29
112484,29
112485,29
112486,29
129314,502
108202,51
133808,585
133808,196
106575,478
113617,337
121787,337
116283,337
116150,337
116148,337
116282,337
116351,337
109458,52
105274,52
133375,660
102603,660
104890,660
134807,660
102602,660
100789,660
133374,660
100766,660
127872,660
129484,502
134074,502
119486,502
119487,502
111678,333
131375,333
103470,29
125449,279
109486,279
126155,210
107718,694
109995,694
134031,694
124571,209
124571,210
134030,694
101595,209
101594,209
120513,209
113325,209
101596,209
113324,209
128933,209
106944,209
120516,209
106943,209
101600,209
121591,209
113491,209
106947,209
121584,209
113330,209
101308,210
113493,209
121583,209
121589,209
120517,209
128939,210
113329,209
113490,209
106946,209
101306,210
106942,209
128938,210
121592,209
120515,209
101597,209
113328,209
106948,209
128936,209
121588,209
113334,209
128937,210
106945,209
113496,209
121587,209
120514,209
113331,209
103311,451
133047,451
119313,687
130167,687
133048,451
130168,687
130169,687
103312,451
129802,205
116056,205
129803,205
116057,205
129798,205
129800,205
129799,205
129801,205
102635,205
102636,205
115215,205
115216,205
101251,646
100526,646
101252,646
120464,646
101782,646
101877,646
119054,646
106225,646
119447,328
119446,328
113908,310
118143,310
114019,403
125086,403
114020,246
114020,403
120618,403
120617,246
113082,393
105608,393
105610,393
131252,205
131254,205
131253,205
121743,205
121742,205
121971,441
121971,441
109926,441
109926,441
133067,289
129564,354
106881,354
109402,354
109403,354
116871,355
116869,354
106845,205
116714,29
126661,29
126661,653
126661,653
132859,29
126660,29
103180,29
118531,29
131925,29
112927,29
100003,29
100003,653
100003,653
123443,373
123444,373
123445,373
123447,373
123446,373
116741,196
116741,457
116741,340
111621,457
111621,340
111621,196
121900,438
121900,438
115321,246
129350,602
129350,373
106761,602
119679,602
111198,279
112352,279
117427,279
100539,602
117428,451
112354,279
115165,279
129434,279
103276,602
128162,373
111199,279
115166,279
102003,279
131653,451
112353,279
100541,279
114033,294
104912,105
104911,105
103118,502
117872,502
121445,29
123570,29
121446,29
123568,29
123569,29
112444,29
112445,29
100530,478
131198,478
127342,478
132954,478
118246,478
129593,478
132953,478
130159,687
130159,502
113984,502
106318,502
114396,502
132449,502
134112,687
134112,502
106317,502
111518,502
110057,478
110056,478
128778,478
128780,478
128779,478
128777,478
110055,478
128910,373
107861,373
114025,373
102369,373
102368,373
112787,373
117193,209
126429,209
126428,209
132762,209
129379,373
117646,362
117647,362
127763,576
127764,576
109169,576
105067,209
132007,209
105069,209
132011,209
109554,34
102614,373
102614,556
102614,556
110400,373
127332,373
111468,373
101375,556
101375,556
101376,556
101376,556
102537,373
119239,556
119239,556
119240,373
119240,556
119240,556
107713,373
105285,373
124972,373
111467,373
102612,373
127330,556
127330,556
127331,556
127331,556
127329,556
127329,556
111469,373
102613,556
102613,556
128133,687
128174,687
128199,687
128173,687
128198,687
128135,687
128200,687
128134,687
128201,687
128197,687
128196,687
128172,687
110823,213
119003,213
100510,351
122480,351
106693,502
123170,318
111976,318
118115,318
115746,279
113819,272
113819,273
129026,596
108609,279
124268,95
124268,181
125279,95
125279,181
108139,95
101212,502
120127,502
111729,478
116338,478
133573,478
108234,478
111961,478
122926,34
117429,34
122927,34
100326,34
122928,34
100327,34
129821,34
113038,34
113037,34
113527,34
131562,34
110201,34
102922,56
102921,56
102923,56
120276,502
120275,502
111606,502
120278,502
123984,705
121333,705
123845,705
135040,705
135038,705
121332,705
123844,705
123983,705
135039,705
101925,141
101924,141
115705,209
127791,384
127795,278
128812,302
128863,302
128868,302
106354,139
106347,139
106357,140
106345,139
106345,140
106342,139
106356,140
106341,139
106341,140
106355,140
106343,140
106343,139
114826,302
114827,302
130143,678
133001,572
121195,572
133000,678
133000,575
131651,472
131651,451
113628,502
129324,502
113457,502
124660,494
124659,494
124659,693
133966,693
133966,494
133967,494
124123,482
115232,302
115230,463
115230,302
115826,302
115231,302
115234,302
130534,302
130534,463
115233,302
108000,373
133908,373
114716,373
112460,373
101349,25
133367,647
133187,647
109240,647
112118,647
128437,647
133368,647
122727,647
112119,647
112117,647
116670,352
132399,258
104081,258
132401,258
103897,258
104082,258
128306,302
102175,302
128305,302
123669,543
101011,543
109959,698
109959,543
109958,543
109958,552
109958,698
134395,698
116477,543
116477,698
108542,543
108542,698
108542,552
123668,698
123668,552
108541,698
112014,543
103364,698
103364,552
105317,205
105319,205
105318,205
105320,205
116763,205
116764,205
105321,205
105322,205
102236,205
102237,205
101859,205
101860,205
101855,205
101857,205
101856,205
101858,205
109433,205
109434,205
102509,205
102510,205
102234,205
109431,205
102235,205
109432,205
102507,205
102508,205
102232,205
102233,205
127155,279
130835,279
130834,502
130834,279
112270,279
114705,279
114706,279
115551,279
110028,502
126380,279
105160,279
126383,279
124254,279
126382,279
126382,502
112818,502
121240,279
126381,279
133563,279
129409,502
127148,279
132510,302
132510,280
125968,616
125968,616
125968,280
125968,302
118150,280
118150,616
118150,616
118150,302
118215,280
118215,616
118215,616
118215,302
108268,616
108268,616
108268,280
113505,302
113505,280
113503,302
113503,280
113503,616
113503,616
113504,280
113504,302
132509,616
132509,616
132509,280
100961,15
105892,659
115175,164
130663,164
124335,164
106117,164
131057,164
131064,164
135079,164
128585,164
124759,164
130841,164
130964,164
102585,164
112411,164
117656,164
129919,164
116529,164
127930,164
128584,164
131053,164
105893,164
105893,659
130881,164
135080,164
130963,164
131052,164
114943,229
114945,229
114944,229
108770,229
114947,229
125047,279
105049,373
109737,373
112871,373
109738,373
105048,373
127356,373
102914,168
102914,168
134881,168
134881,168
